,dataset,sample_idx,length,rotation,curve_x,curve_y,beak_radius_start
0,0,A,3.75,0.0,0.0,0.0,1.5
1,0,B,0.5,-6.283185307179586,-1.0,-1.0,0.5
2,0,M,2.125,-3.141592653589793,-0.5,-0.5,1.0
3,1,A,3.75,0.0,0.0,0.0,1.5
4,1,B,0.5,-6.283185307179586,-1.0,-1.0,1.5
5,1,M,2.125,-3.141592653589793,-0.5,-0.5,1.5
6,2,A,3.75,0.0,0.0,0.0,1.5
7,2,B,0.5,-6.283185307179586,-1.0,-1.0,2.5
8,2,M,2.125,-3.141592653589793,-0.5,-0.5,2.0
9,3,A,3.75,0.0,0.0,0.0,1.5
10,3,B,0.5,-6.283185307179586,-1.0,0.0,0.5
11,3,M,2.125,-3.141592653589793,-0.5,0.0,1.0
12,4,A,3.75,0.0,0.0,0.0,1.5
13,4,B,0.5,-6.283185307179586,-1.0,0.0,1.5
14,4,M,2.125,-3.141592653589793,-0.5,0.0,1.5
15,5,A,3.75,0.0,0.0,0.0,1.5
16,5,B,0.5,-6.283185307179586,-1.0,0.0,2.5
17,5,M,2.125,-3.141592653589793,-0.5,0.0,2.0
18,6,A,3.75,0.0,0.0,0.0,1.5
19,6,B,0.5,-6.283185307179586,-1.0,1.0,0.5
20,6,M,2.125,-3.141592653589793,-0.5,0.5,1.0
21,7,A,3.75,0.0,0.0,0.0,1.5
22,7,B,0.5,-6.283185307179586,-1.0,1.0,1.5
23,7,M,2.125,-3.141592653589793,-0.5,0.5,1.5
24,8,A,3.75,0.0,0.0,0.0,1.5
25,8,B,0.5,-6.283185307179586,-1.0,1.0,2.5
26,8,M,2.125,-3.141592653589793,-0.5,0.5,2.0
27,9,A,3.75,0.0,0.0,0.0,1.5
28,9,B,0.5,-6.283185307179586,0.0,-1.0,0.5
29,9,M,2.125,-3.141592653589793,0.0,-0.5,1.0
30,10,A,3.75,0.0,0.0,0.0,1.5
31,10,B,0.5,-6.283185307179586,0.0,-1.0,1.5
32,10,M,2.125,-3.141592653589793,0.0,-0.5,1.5
33,11,A,3.75,0.0,0.0,0.0,1.5
34,11,B,0.5,-6.283185307179586,0.0,-1.0,2.5
35,11,M,2.125,-3.141592653589793,0.0,-0.5,2.0
36,12,A,3.75,0.0,0.0,0.0,1.5
37,12,B,0.5,-6.283185307179586,0.0,0.0,0.5
38,12,M,2.125,-3.141592653589793,0.0,0.0,1.0
39,13,A,3.75,0.0,0.0,0.0,1.5
40,13,B,0.5,-6.283185307179586,0.0,0.0,1.5
41,13,M,2.125,-3.141592653589793,0.0,0.0,1.5
42,14,A,3.75,0.0,0.0,0.0,1.5
43,14,B,0.5,-6.283185307179586,0.0,0.0,2.5
44,14,M,2.125,-3.141592653589793,0.0,0.0,2.0
45,15,A,3.75,0.0,0.0,0.0,1.5
46,15,B,0.5,-6.283185307179586,0.0,1.0,0.5
47,15,M,2.125,-3.141592653589793,0.0,0.5,1.0
48,16,A,3.75,0.0,0.0,0.0,1.5
49,16,B,0.5,-6.283185307179586,0.0,1.0,1.5
50,16,M,2.125,-3.141592653589793,0.0,0.5,1.5
51,17,A,3.75,0.0,0.0,0.0,1.5
52,17,B,0.5,-6.283185307179586,0.0,1.0,2.5
53,17,M,2.125,-3.141592653589793,0.0,0.5,2.0
54,18,A,3.75,0.0,0.0,0.0,1.5
55,18,B,0.5,-6.283185307179586,1.0,-1.0,0.5
56,18,M,2.125,-3.141592653589793,0.5,-0.5,1.0
57,19,A,3.75,0.0,0.0,0.0,1.5
58,19,B,0.5,-6.283185307179586,1.0,-1.0,1.5
59,19,M,2.125,-3.141592653589793,0.5,-0.5,1.5
60,20,A,3.75,0.0,0.0,0.0,1.5
61,20,B,0.5,-6.283185307179586,1.0,-1.0,2.5
62,20,M,2.125,-3.141592653589793,0.5,-0.5,2.0
63,21,A,3.75,0.0,0.0,0.0,1.5
64,21,B,0.5,-6.283185307179586,1.0,0.0,0.5
65,21,M,2.125,-3.141592653589793,0.5,0.0,1.0
66,22,A,3.75,0.0,0.0,0.0,1.5
67,22,B,0.5,-6.283185307179586,1.0,0.0,1.5
68,22,M,2.125,-3.141592653589793,0.5,0.0,1.5
69,23,A,3.75,0.0,0.0,0.0,1.5
70,23,B,0.5,-6.283185307179586,1.0,0.0,2.5
71,23,M,2.125,-3.141592653589793,0.5,0.0,2.0
72,24,A,3.75,0.0,0.0,0.0,1.5
73,24,B,0.5,-6.283185307179586,1.0,1.0,0.5
74,24,M,2.125,-3.141592653589793,0.5,0.5,1.0
75,25,A,3.75,0.0,0.0,0.0,1.5
76,25,B,0.5,-6.283185307179586,1.0,1.0,1.5
77,25,M,2.125,-3.141592653589793,0.5,0.5,1.5
78,26,A,3.75,0.0,0.0,0.0,1.5
79,26,B,0.5,-6.283185307179586,1.0,1.0,2.5
80,26,M,2.125,-3.141592653589793,0.5,0.5,2.0
81,27,A,3.75,0.0,0.0,0.0,1.5
82,27,B,0.5,-3.141592653589793,-1.0,-1.0,0.5
83,27,M,2.125,-1.5707963267948966,-0.5,-0.5,1.0
84,28,A,3.75,0.0,0.0,0.0,1.5
85,28,B,0.5,-3.141592653589793,-1.0,-1.0,1.5
86,28,M,2.125,-1.5707963267948966,-0.5,-0.5,1.5
87,29,A,3.75,0.0,0.0,0.0,1.5
88,29,B,0.5,-3.141592653589793,-1.0,-1.0,2.5
89,29,M,2.125,-1.5707963267948966,-0.5,-0.5,2.0
90,30,A,3.75,0.0,0.0,0.0,1.5
91,30,B,0.5,-3.141592653589793,-1.0,0.0,0.5
92,30,M,2.125,-1.5707963267948966,-0.5,0.0,1.0
93,31,A,3.75,0.0,0.0,0.0,1.5
94,31,B,0.5,-3.141592653589793,-1.0,0.0,1.5
95,31,M,2.125,-1.5707963267948966,-0.5,0.0,1.5
96,32,A,3.75,0.0,0.0,0.0,1.5
97,32,B,0.5,-3.141592653589793,-1.0,0.0,2.5
98,32,M,2.125,-1.5707963267948966,-0.5,0.0,2.0
99,33,A,3.75,0.0,0.0,0.0,1.5
100,33,B,0.5,-3.141592653589793,-1.0,1.0,0.5
101,33,M,2.125,-1.5707963267948966,-0.5,0.5,1.0
102,34,A,3.75,0.0,0.0,0.0,1.5
103,34,B,0.5,-3.141592653589793,-1.0,1.0,1.5
104,34,M,2.125,-1.5707963267948966,-0.5,0.5,1.5
105,35,A,3.75,0.0,0.0,0.0,1.5
106,35,B,0.5,-3.141592653589793,-1.0,1.0,2.5
107,35,M,2.125,-1.5707963267948966,-0.5,0.5,2.0
108,36,A,3.75,0.0,0.0,0.0,1.5
109,36,B,0.5,-3.141592653589793,0.0,-1.0,0.5
110,36,M,2.125,-1.5707963267948966,0.0,-0.5,1.0
111,37,A,3.75,0.0,0.0,0.0,1.5
112,37,B,0.5,-3.141592653589793,0.0,-1.0,1.5
113,37,M,2.125,-1.5707963267948966,0.0,-0.5,1.5
114,38,A,3.75,0.0,0.0,0.0,1.5
115,38,B,0.5,-3.141592653589793,0.0,-1.0,2.5
116,38,M,2.125,-1.5707963267948966,0.0,-0.5,2.0
117,39,A,3.75,0.0,0.0,0.0,1.5
118,39,B,0.5,-3.141592653589793,0.0,0.0,0.5
119,39,M,2.125,-1.5707963267948966,0.0,0.0,1.0
120,40,A,3.75,0.0,0.0,0.0,1.5
121,40,B,0.5,-3.141592653589793,0.0,0.0,1.5
122,40,M,2.125,-1.5707963267948966,0.0,0.0,1.5
123,41,A,3.75,0.0,0.0,0.0,1.5
124,41,B,0.5,-3.141592653589793,0.0,0.0,2.5
125,41,M,2.125,-1.5707963267948966,0.0,0.0,2.0
126,42,A,3.75,0.0,0.0,0.0,1.5
127,42,B,0.5,-3.141592653589793,0.0,1.0,0.5
128,42,M,2.125,-1.5707963267948966,0.0,0.5,1.0
129,43,A,3.75,0.0,0.0,0.0,1.5
130,43,B,0.5,-3.141592653589793,0.0,1.0,1.5
131,43,M,2.125,-1.5707963267948966,0.0,0.5,1.5
132,44,A,3.75,0.0,0.0,0.0,1.5
133,44,B,0.5,-3.141592653589793,0.0,1.0,2.5
134,44,M,2.125,-1.5707963267948966,0.0,0.5,2.0
135,45,A,3.75,0.0,0.0,0.0,1.5
136,45,B,0.5,-3.141592653589793,1.0,-1.0,0.5
137,45,M,2.125,-1.5707963267948966,0.5,-0.5,1.0
138,46,A,3.75,0.0,0.0,0.0,1.5
139,46,B,0.5,-3.141592653589793,1.0,-1.0,1.5
140,46,M,2.125,-1.5707963267948966,0.5,-0.5,1.5
141,47,A,3.75,0.0,0.0,0.0,1.5
142,47,B,0.5,-3.141592653589793,1.0,-1.0,2.5
143,47,M,2.125,-1.5707963267948966,0.5,-0.5,2.0
144,48,A,3.75,0.0,0.0,0.0,1.5
145,48,B,0.5,-3.141592653589793,1.0,0.0,0.5
146,48,M,2.125,-1.5707963267948966,0.5,0.0,1.0
147,49,A,3.75,0.0,0.0,0.0,1.5
148,49,B,0.5,-3.141592653589793,1.0,0.0,1.5
149,49,M,2.125,-1.5707963267948966,0.5,0.0,1.5
150,50,A,3.75,0.0,0.0,0.0,1.5
151,50,B,0.5,-3.141592653589793,1.0,0.0,2.5
152,50,M,2.125,-1.5707963267948966,0.5,0.0,2.0
153,51,A,3.75,0.0,0.0,0.0,1.5
154,51,B,0.5,-3.141592653589793,1.0,1.0,0.5
155,51,M,2.125,-1.5707963267948966,0.5,0.5,1.0
156,52,A,3.75,0.0,0.0,0.0,1.5
157,52,B,0.5,-3.141592653589793,1.0,1.0,1.5
158,52,M,2.125,-1.5707963267948966,0.5,0.5,1.5
159,53,A,3.75,0.0,0.0,0.0,1.5
160,53,B,0.5,-3.141592653589793,1.0,1.0,2.5
161,53,M,2.125,-1.5707963267948966,0.5,0.5,2.0
162,54,A,3.75,0.0,0.0,0.0,1.5
163,54,B,0.5,0.0,-1.0,-1.0,0.5
164,54,M,2.125,0.0,-0.5,-0.5,1.0
165,55,A,3.75,0.0,0.0,0.0,1.5
166,55,B,0.5,0.0,-1.0,-1.0,1.5
167,55,M,2.125,0.0,-0.5,-0.5,1.5
168,56,A,3.75,0.0,0.0,0.0,1.5
169,56,B,0.5,0.0,-1.0,-1.0,2.5
170,56,M,2.125,0.0,-0.5,-0.5,2.0
171,57,A,3.75,0.0,0.0,0.0,1.5
172,57,B,0.5,0.0,-1.0,0.0,0.5
173,57,M,2.125,0.0,-0.5,0.0,1.0
174,58,A,3.75,0.0,0.0,0.0,1.5
175,58,B,0.5,0.0,-1.0,0.0,1.5
176,58,M,2.125,0.0,-0.5,0.0,1.5
177,59,A,3.75,0.0,0.0,0.0,1.5
178,59,B,0.5,0.0,-1.0,0.0,2.5
179,59,M,2.125,0.0,-0.5,0.0,2.0
180,60,A,3.75,0.0,0.0,0.0,1.5
181,60,B,0.5,0.0,-1.0,1.0,0.5
182,60,M,2.125,0.0,-0.5,0.5,1.0
183,61,A,3.75,0.0,0.0,0.0,1.5
184,61,B,0.5,0.0,-1.0,1.0,1.5
185,61,M,2.125,0.0,-0.5,0.5,1.5
186,62,A,3.75,0.0,0.0,0.0,1.5
187,62,B,0.5,0.0,-1.0,1.0,2.5
188,62,M,2.125,0.0,-0.5,0.5,2.0
189,63,A,3.75,0.0,0.0,0.0,1.5
190,63,B,0.5,0.0,0.0,-1.0,0.5
191,63,M,2.125,0.0,0.0,-0.5,1.0
192,64,A,3.75,0.0,0.0,0.0,1.5
193,64,B,0.5,0.0,0.0,-1.0,1.5
194,64,M,2.125,0.0,0.0,-0.5,1.5
195,65,A,3.75,0.0,0.0,0.0,1.5
196,65,B,0.5,0.0,0.0,-1.0,2.5
197,65,M,2.125,0.0,0.0,-0.5,2.0
198,66,A,3.75,0.0,0.0,0.0,1.5
199,66,B,0.5,0.0,0.0,0.0,0.5
200,66,M,2.125,0.0,0.0,0.0,1.0
201,67,A,3.75,0.0,0.0,0.0,1.5
202,67,B,0.5,0.0,0.0,0.0,1.5
203,67,M,2.125,0.0,0.0,0.0,1.5
204,68,A,3.75,0.0,0.0,0.0,1.5
205,68,B,0.5,0.0,0.0,0.0,2.5
206,68,M,2.125,0.0,0.0,0.0,2.0
207,69,A,3.75,0.0,0.0,0.0,1.5
208,69,B,0.5,0.0,0.0,1.0,0.5
209,69,M,2.125,0.0,0.0,0.5,1.0
210,70,A,3.75,0.0,0.0,0.0,1.5
211,70,B,0.5,0.0,0.0,1.0,1.5
212,70,M,2.125,0.0,0.0,0.5,1.5
213,71,A,3.75,0.0,0.0,0.0,1.5
214,71,B,0.5,0.0,0.0,1.0,2.5
215,71,M,2.125,0.0,0.0,0.5,2.0
216,72,A,3.75,0.0,0.0,0.0,1.5
217,72,B,0.5,0.0,1.0,-1.0,0.5
218,72,M,2.125,0.0,0.5,-0.5,1.0
219,73,A,3.75,0.0,0.0,0.0,1.5
220,73,B,0.5,0.0,1.0,-1.0,1.5
221,73,M,2.125,0.0,0.5,-0.5,1.5
222,74,A,3.75,0.0,0.0,0.0,1.5
223,74,B,0.5,0.0,1.0,-1.0,2.5
224,74,M,2.125,0.0,0.5,-0.5,2.0
225,75,A,3.75,0.0,0.0,0.0,1.5
226,75,B,0.5,0.0,1.0,0.0,0.5
227,75,M,2.125,0.0,0.5,0.0,1.0
228,76,A,3.75,0.0,0.0,0.0,1.5
229,76,B,0.5,0.0,1.0,0.0,1.5
230,76,M,2.125,0.0,0.5,0.0,1.5
231,77,A,3.75,0.0,0.0,0.0,1.5
232,77,B,0.5,0.0,1.0,0.0,2.5
233,77,M,2.125,0.0,0.5,0.0,2.0
234,78,A,3.75,0.0,0.0,0.0,1.5
235,78,B,0.5,0.0,1.0,1.0,0.5
236,78,M,2.125,0.0,0.5,0.5,1.0
237,79,A,3.75,0.0,0.0,0.0,1.5
238,79,B,0.5,0.0,1.0,1.0,1.5
239,79,M,2.125,0.0,0.5,0.5,1.5
240,80,A,3.75,0.0,0.0,0.0,1.5
241,80,B,0.5,0.0,1.0,1.0,2.5
242,80,M,2.125,0.0,0.5,0.5,2.0
243,81,A,3.75,0.0,0.0,0.0,1.5
244,81,B,0.5,3.141592653589793,-1.0,-1.0,0.5
245,81,M,2.125,1.5707963267948966,-0.5,-0.5,1.0
246,82,A,3.75,0.0,0.0,0.0,1.5
247,82,B,0.5,3.141592653589793,-1.0,-1.0,1.5
248,82,M,2.125,1.5707963267948966,-0.5,-0.5,1.5
249,83,A,3.75,0.0,0.0,0.0,1.5
250,83,B,0.5,3.141592653589793,-1.0,-1.0,2.5
251,83,M,2.125,1.5707963267948966,-0.5,-0.5,2.0
252,84,A,3.75,0.0,0.0,0.0,1.5
253,84,B,0.5,3.141592653589793,-1.0,0.0,0.5
254,84,M,2.125,1.5707963267948966,-0.5,0.0,1.0
255,85,A,3.75,0.0,0.0,0.0,1.5
256,85,B,0.5,3.141592653589793,-1.0,0.0,1.5
257,85,M,2.125,1.5707963267948966,-0.5,0.0,1.5
258,86,A,3.75,0.0,0.0,0.0,1.5
259,86,B,0.5,3.141592653589793,-1.0,0.0,2.5
260,86,M,2.125,1.5707963267948966,-0.5,0.0,2.0
261,87,A,3.75,0.0,0.0,0.0,1.5
262,87,B,0.5,3.141592653589793,-1.0,1.0,0.5
263,87,M,2.125,1.5707963267948966,-0.5,0.5,1.0
264,88,A,3.75,0.0,0.0,0.0,1.5
265,88,B,0.5,3.141592653589793,-1.0,1.0,1.5
266,88,M,2.125,1.5707963267948966,-0.5,0.5,1.5
267,89,A,3.75,0.0,0.0,0.0,1.5
268,89,B,0.5,3.141592653589793,-1.0,1.0,2.5
269,89,M,2.125,1.5707963267948966,-0.5,0.5,2.0
270,90,A,3.75,0.0,0.0,0.0,1.5
271,90,B,0.5,3.141592653589793,0.0,-1.0,0.5
272,90,M,2.125,1.5707963267948966,0.0,-0.5,1.0
273,91,A,3.75,0.0,0.0,0.0,1.5
274,91,B,0.5,3.141592653589793,0.0,-1.0,1.5
275,91,M,2.125,1.5707963267948966,0.0,-0.5,1.5
276,92,A,3.75,0.0,0.0,0.0,1.5
277,92,B,0.5,3.141592653589793,0.0,-1.0,2.5
278,92,M,2.125,1.5707963267948966,0.0,-0.5,2.0
279,93,A,3.75,0.0,0.0,0.0,1.5
280,93,B,0.5,3.141592653589793,0.0,0.0,0.5
281,93,M,2.125,1.5707963267948966,0.0,0.0,1.0
282,94,A,3.75,0.0,0.0,0.0,1.5
283,94,B,0.5,3.141592653589793,0.0,0.0,1.5
284,94,M,2.125,1.5707963267948966,0.0,0.0,1.5
285,95,A,3.75,0.0,0.0,0.0,1.5
286,95,B,0.5,3.141592653589793,0.0,0.0,2.5
287,95,M,2.125,1.5707963267948966,0.0,0.0,2.0
288,96,A,3.75,0.0,0.0,0.0,1.5
289,96,B,0.5,3.141592653589793,0.0,1.0,0.5
290,96,M,2.125,1.5707963267948966,0.0,0.5,1.0
291,97,A,3.75,0.0,0.0,0.0,1.5
292,97,B,0.5,3.141592653589793,0.0,1.0,1.5
293,97,M,2.125,1.5707963267948966,0.0,0.5,1.5
294,98,A,3.75,0.0,0.0,0.0,1.5
295,98,B,0.5,3.141592653589793,0.0,1.0,2.5
296,98,M,2.125,1.5707963267948966,0.0,0.5,2.0
297,99,A,3.75,0.0,0.0,0.0,1.5
298,99,B,0.5,3.141592653589793,1.0,-1.0,0.5
299,99,M,2.125,1.5707963267948966,0.5,-0.5,1.0
300,100,A,3.75,0.0,0.0,0.0,1.5
301,100,B,0.5,3.141592653589793,1.0,-1.0,1.5
302,100,M,2.125,1.5707963267948966,0.5,-0.5,1.5
303,101,A,3.75,0.0,0.0,0.0,1.5
304,101,B,0.5,3.141592653589793,1.0,-1.0,2.5
305,101,M,2.125,1.5707963267948966,0.5,-0.5,2.0
306,102,A,3.75,0.0,0.0,0.0,1.5
307,102,B,0.5,3.141592653589793,1.0,0.0,0.5
308,102,M,2.125,1.5707963267948966,0.5,0.0,1.0
309,103,A,3.75,0.0,0.0,0.0,1.5
310,103,B,0.5,3.141592653589793,1.0,0.0,1.5
311,103,M,2.125,1.5707963267948966,0.5,0.0,1.5
312,104,A,3.75,0.0,0.0,0.0,1.5
313,104,B,0.5,3.141592653589793,1.0,0.0,2.5
314,104,M,2.125,1.5707963267948966,0.5,0.0,2.0
315,105,A,3.75,0.0,0.0,0.0,1.5
316,105,B,0.5,3.141592653589793,1.0,1.0,0.5
317,105,M,2.125,1.5707963267948966,0.5,0.5,1.0
318,106,A,3.75,0.0,0.0,0.0,1.5
319,106,B,0.5,3.141592653589793,1.0,1.0,1.5
320,106,M,2.125,1.5707963267948966,0.5,0.5,1.5
321,107,A,3.75,0.0,0.0,0.0,1.5
322,107,B,0.5,3.141592653589793,1.0,1.0,2.5
323,107,M,2.125,1.5707963267948966,0.5,0.5,2.0
324,108,A,3.75,0.0,0.0,0.0,1.5
325,108,B,0.5,6.283185307179586,-1.0,-1.0,0.5
326,108,M,2.125,3.141592653589793,-0.5,-0.5,1.0
327,109,A,3.75,0.0,0.0,0.0,1.5
328,109,B,0.5,6.283185307179586,-1.0,-1.0,1.5
329,109,M,2.125,3.141592653589793,-0.5,-0.5,1.5
330,110,A,3.75,0.0,0.0,0.0,1.5
331,110,B,0.5,6.283185307179586,-1.0,-1.0,2.5
332,110,M,2.125,3.141592653589793,-0.5,-0.5,2.0
333,111,A,3.75,0.0,0.0,0.0,1.5
334,111,B,0.5,6.283185307179586,-1.0,0.0,0.5
335,111,M,2.125,3.141592653589793,-0.5,0.0,1.0
336,112,A,3.75,0.0,0.0,0.0,1.5
337,112,B,0.5,6.283185307179586,-1.0,0.0,1.5
338,112,M,2.125,3.141592653589793,-0.5,0.0,1.5
339,113,A,3.75,0.0,0.0,0.0,1.5
340,113,B,0.5,6.283185307179586,-1.0,0.0,2.5
341,113,M,2.125,3.141592653589793,-0.5,0.0,2.0
342,114,A,3.75,0.0,0.0,0.0,1.5
343,114,B,0.5,6.283185307179586,-1.0,1.0,0.5
344,114,M,2.125,3.141592653589793,-0.5,0.5,1.0
345,115,A,3.75,0.0,0.0,0.0,1.5
346,115,B,0.5,6.283185307179586,-1.0,1.0,1.5
347,115,M,2.125,3.141592653589793,-0.5,0.5,1.5
348,116,A,3.75,0.0,0.0,0.0,1.5
349,116,B,0.5,6.283185307179586,-1.0,1.0,2.5
350,116,M,2.125,3.141592653589793,-0.5,0.5,2.0
351,117,A,3.75,0.0,0.0,0.0,1.5
352,117,B,0.5,6.283185307179586,0.0,-1.0,0.5
353,117,M,2.125,3.141592653589793,0.0,-0.5,1.0
354,118,A,3.75,0.0,0.0,0.0,1.5
355,118,B,0.5,6.283185307179586,0.0,-1.0,1.5
356,118,M,2.125,3.141592653589793,0.0,-0.5,1.5
357,119,A,3.75,0.0,0.0,0.0,1.5
358,119,B,0.5,6.283185307179586,0.0,-1.0,2.5
359,119,M,2.125,3.141592653589793,0.0,-0.5,2.0
360,120,A,3.75,0.0,0.0,0.0,1.5
361,120,B,0.5,6.283185307179586,0.0,0.0,0.5
362,120,M,2.125,3.141592653589793,0.0,0.0,1.0
363,121,A,3.75,0.0,0.0,0.0,1.5
364,121,B,0.5,6.283185307179586,0.0,0.0,1.5
365,121,M,2.125,3.141592653589793,0.0,0.0,1.5
366,122,A,3.75,0.0,0.0,0.0,1.5
367,122,B,0.5,6.283185307179586,0.0,0.0,2.5
368,122,M,2.125,3.141592653589793,0.0,0.0,2.0
369,123,A,3.75,0.0,0.0,0.0,1.5
370,123,B,0.5,6.283185307179586,0.0,1.0,0.5
371,123,M,2.125,3.141592653589793,0.0,0.5,1.0
372,124,A,3.75,0.0,0.0,0.0,1.5
373,124,B,0.5,6.283185307179586,0.0,1.0,1.5
374,124,M,2.125,3.141592653589793,0.0,0.5,1.5
375,125,A,3.75,0.0,0.0,0.0,1.5
376,125,B,0.5,6.283185307179586,0.0,1.0,2.5
377,125,M,2.125,3.141592653589793,0.0,0.5,2.0
378,126,A,3.75,0.0,0.0,0.0,1.5
379,126,B,0.5,6.283185307179586,1.0,-1.0,0.5
380,126,M,2.125,3.141592653589793,0.5,-0.5,1.0
381,127,A,3.75,0.0,0.0,0.0,1.5
382,127,B,0.5,6.283185307179586,1.0,-1.0,1.5
383,127,M,2.125,3.141592653589793,0.5,-0.5,1.5
384,128,A,3.75,0.0,0.0,0.0,1.5
385,128,B,0.5,6.283185307179586,1.0,-1.0,2.5
386,128,M,2.125,3.141592653589793,0.5,-0.5,2.0
387,129,A,3.75,0.0,0.0,0.0,1.5
388,129,B,0.5,6.283185307179586,1.0,0.0,0.5
389,129,M,2.125,3.141592653589793,0.5,0.0,1.0
390,130,A,3.75,0.0,0.0,0.0,1.5
391,130,B,0.5,6.283185307179586,1.0,0.0,1.5
392,130,M,2.125,3.141592653589793,0.5,0.0,1.5
393,131,A,3.75,0.0,0.0,0.0,1.5
394,131,B,0.5,6.283185307179586,1.0,0.0,2.5
395,131,M,2.125,3.141592653589793,0.5,0.0,2.0
396,132,A,3.75,0.0,0.0,0.0,1.5
397,132,B,0.5,6.283185307179586,1.0,1.0,0.5
398,132,M,2.125,3.141592653589793,0.5,0.5,1.0
399,133,A,3.75,0.0,0.0,0.0,1.5
400,133,B,0.5,6.283185307179586,1.0,1.0,1.5
401,133,M,2.125,3.141592653589793,0.5,0.5,1.5
402,134,A,3.75,0.0,0.0,0.0,1.5
403,134,B,0.5,6.283185307179586,1.0,1.0,2.5
404,134,M,2.125,3.141592653589793,0.5,0.5,2.0
405,135,A,3.75,0.0,0.0,0.0,1.5
406,135,B,3.75,-6.283185307179586,-1.0,-1.0,0.5
407,135,M,3.75,-3.141592653589793,-0.5,-0.5,1.0
408,136,A,3.75,0.0,0.0,0.0,1.5
409,136,B,3.75,-6.283185307179586,-1.0,-1.0,1.5
410,136,M,3.75,-3.141592653589793,-0.5,-0.5,1.5
411,137,A,3.75,0.0,0.0,0.0,1.5
412,137,B,3.75,-6.283185307179586,-1.0,-1.0,2.5
413,137,M,3.75,-3.141592653589793,-0.5,-0.5,2.0
414,138,A,3.75,0.0,0.0,0.0,1.5
415,138,B,3.75,-6.283185307179586,-1.0,0.0,0.5
416,138,M,3.75,-3.141592653589793,-0.5,0.0,1.0
417,139,A,3.75,0.0,0.0,0.0,1.5
418,139,B,3.75,-6.283185307179586,-1.0,0.0,1.5
419,139,M,3.75,-3.141592653589793,-0.5,0.0,1.5
420,140,A,3.75,0.0,0.0,0.0,1.5
421,140,B,3.75,-6.283185307179586,-1.0,0.0,2.5
422,140,M,3.75,-3.141592653589793,-0.5,0.0,2.0
423,141,A,3.75,0.0,0.0,0.0,1.5
424,141,B,3.75,-6.283185307179586,-1.0,1.0,0.5
425,141,M,3.75,-3.141592653589793,-0.5,0.5,1.0
426,142,A,3.75,0.0,0.0,0.0,1.5
427,142,B,3.75,-6.283185307179586,-1.0,1.0,1.5
428,142,M,3.75,-3.141592653589793,-0.5,0.5,1.5
429,143,A,3.75,0.0,0.0,0.0,1.5
430,143,B,3.75,-6.283185307179586,-1.0,1.0,2.5
431,143,M,3.75,-3.141592653589793,-0.5,0.5,2.0
432,144,A,3.75,0.0,0.0,0.0,1.5
433,144,B,3.75,-6.283185307179586,0.0,-1.0,0.5
434,144,M,3.75,-3.141592653589793,0.0,-0.5,1.0
435,145,A,3.75,0.0,0.0,0.0,1.5
436,145,B,3.75,-6.283185307179586,0.0,-1.0,1.5
437,145,M,3.75,-3.141592653589793,0.0,-0.5,1.5
438,146,A,3.75,0.0,0.0,0.0,1.5
439,146,B,3.75,-6.283185307179586,0.0,-1.0,2.5
440,146,M,3.75,-3.141592653589793,0.0,-0.5,2.0
441,147,A,3.75,0.0,0.0,0.0,1.5
442,147,B,3.75,-6.283185307179586,0.0,0.0,0.5
443,147,M,3.75,-3.141592653589793,0.0,0.0,1.0
444,148,A,3.75,0.0,0.0,0.0,1.5
445,148,B,3.75,-6.283185307179586,0.0,0.0,1.5
446,148,M,3.75,-3.141592653589793,0.0,0.0,1.5
447,149,A,3.75,0.0,0.0,0.0,1.5
448,149,B,3.75,-6.283185307179586,0.0,0.0,2.5
449,149,M,3.75,-3.141592653589793,0.0,0.0,2.0
450,150,A,3.75,0.0,0.0,0.0,1.5
451,150,B,3.75,-6.283185307179586,0.0,1.0,0.5
452,150,M,3.75,-3.141592653589793,0.0,0.5,1.0
453,151,A,3.75,0.0,0.0,0.0,1.5
454,151,B,3.75,-6.283185307179586,0.0,1.0,1.5
455,151,M,3.75,-3.141592653589793,0.0,0.5,1.5
456,152,A,3.75,0.0,0.0,0.0,1.5
457,152,B,3.75,-6.283185307179586,0.0,1.0,2.5
458,152,M,3.75,-3.141592653589793,0.0,0.5,2.0
459,153,A,3.75,0.0,0.0,0.0,1.5
460,153,B,3.75,-6.283185307179586,1.0,-1.0,0.5
461,153,M,3.75,-3.141592653589793,0.5,-0.5,1.0
462,154,A,3.75,0.0,0.0,0.0,1.5
463,154,B,3.75,-6.283185307179586,1.0,-1.0,1.5
464,154,M,3.75,-3.141592653589793,0.5,-0.5,1.5
465,155,A,3.75,0.0,0.0,0.0,1.5
466,155,B,3.75,-6.283185307179586,1.0,-1.0,2.5
467,155,M,3.75,-3.141592653589793,0.5,-0.5,2.0
468,156,A,3.75,0.0,0.0,0.0,1.5
469,156,B,3.75,-6.283185307179586,1.0,0.0,0.5
470,156,M,3.75,-3.141592653589793,0.5,0.0,1.0
471,157,A,3.75,0.0,0.0,0.0,1.5
472,157,B,3.75,-6.283185307179586,1.0,0.0,1.5
473,157,M,3.75,-3.141592653589793,0.5,0.0,1.5
474,158,A,3.75,0.0,0.0,0.0,1.5
475,158,B,3.75,-6.283185307179586,1.0,0.0,2.5
476,158,M,3.75,-3.141592653589793,0.5,0.0,2.0
477,159,A,3.75,0.0,0.0,0.0,1.5
478,159,B,3.75,-6.283185307179586,1.0,1.0,0.5
479,159,M,3.75,-3.141592653589793,0.5,0.5,1.0
480,160,A,3.75,0.0,0.0,0.0,1.5
481,160,B,3.75,-6.283185307179586,1.0,1.0,1.5
482,160,M,3.75,-3.141592653589793,0.5,0.5,1.5
483,161,A,3.75,0.0,0.0,0.0,1.5
484,161,B,3.75,-6.283185307179586,1.0,1.0,2.5
485,161,M,3.75,-3.141592653589793,0.5,0.5,2.0
486,162,A,3.75,0.0,0.0,0.0,1.5
487,162,B,3.75,-3.141592653589793,-1.0,-1.0,0.5
488,162,M,3.75,-1.5707963267948966,-0.5,-0.5,1.0
489,163,A,3.75,0.0,0.0,0.0,1.5
490,163,B,3.75,-3.141592653589793,-1.0,-1.0,1.5
491,163,M,3.75,-1.5707963267948966,-0.5,-0.5,1.5
492,164,A,3.75,0.0,0.0,0.0,1.5
493,164,B,3.75,-3.141592653589793,-1.0,-1.0,2.5
494,164,M,3.75,-1.5707963267948966,-0.5,-0.5,2.0
495,165,A,3.75,0.0,0.0,0.0,1.5
496,165,B,3.75,-3.141592653589793,-1.0,0.0,0.5
497,165,M,3.75,-1.5707963267948966,-0.5,0.0,1.0
498,166,A,3.75,0.0,0.0,0.0,1.5
499,166,B,3.75,-3.141592653589793,-1.0,0.0,1.5
500,166,M,3.75,-1.5707963267948966,-0.5,0.0,1.5
501,167,A,3.75,0.0,0.0,0.0,1.5
502,167,B,3.75,-3.141592653589793,-1.0,0.0,2.5
503,167,M,3.75,-1.5707963267948966,-0.5,0.0,2.0
504,168,A,3.75,0.0,0.0,0.0,1.5
505,168,B,3.75,-3.141592653589793,-1.0,1.0,0.5
506,168,M,3.75,-1.5707963267948966,-0.5,0.5,1.0
507,169,A,3.75,0.0,0.0,0.0,1.5
508,169,B,3.75,-3.141592653589793,-1.0,1.0,1.5
509,169,M,3.75,-1.5707963267948966,-0.5,0.5,1.5
510,170,A,3.75,0.0,0.0,0.0,1.5
511,170,B,3.75,-3.141592653589793,-1.0,1.0,2.5
512,170,M,3.75,-1.5707963267948966,-0.5,0.5,2.0
513,171,A,3.75,0.0,0.0,0.0,1.5
514,171,B,3.75,-3.141592653589793,0.0,-1.0,0.5
515,171,M,3.75,-1.5707963267948966,0.0,-0.5,1.0
516,172,A,3.75,0.0,0.0,0.0,1.5
517,172,B,3.75,-3.141592653589793,0.0,-1.0,1.5
518,172,M,3.75,-1.5707963267948966,0.0,-0.5,1.5
519,173,A,3.75,0.0,0.0,0.0,1.5
520,173,B,3.75,-3.141592653589793,0.0,-1.0,2.5
521,173,M,3.75,-1.5707963267948966,0.0,-0.5,2.0
522,174,A,3.75,0.0,0.0,0.0,1.5
523,174,B,3.75,-3.141592653589793,0.0,0.0,0.5
524,174,M,3.75,-1.5707963267948966,0.0,0.0,1.0
525,175,A,3.75,0.0,0.0,0.0,1.5
526,175,B,3.75,-3.141592653589793,0.0,0.0,1.5
527,175,M,3.75,-1.5707963267948966,0.0,0.0,1.5
528,176,A,3.75,0.0,0.0,0.0,1.5
529,176,B,3.75,-3.141592653589793,0.0,0.0,2.5
530,176,M,3.75,-1.5707963267948966,0.0,0.0,2.0
531,177,A,3.75,0.0,0.0,0.0,1.5
532,177,B,3.75,-3.141592653589793,0.0,1.0,0.5
533,177,M,3.75,-1.5707963267948966,0.0,0.5,1.0
534,178,A,3.75,0.0,0.0,0.0,1.5
535,178,B,3.75,-3.141592653589793,0.0,1.0,1.5
536,178,M,3.75,-1.5707963267948966,0.0,0.5,1.5
537,179,A,3.75,0.0,0.0,0.0,1.5
538,179,B,3.75,-3.141592653589793,0.0,1.0,2.5
539,179,M,3.75,-1.5707963267948966,0.0,0.5,2.0
540,180,A,3.75,0.0,0.0,0.0,1.5
541,180,B,3.75,-3.141592653589793,1.0,-1.0,0.5
542,180,M,3.75,-1.5707963267948966,0.5,-0.5,1.0
543,181,A,3.75,0.0,0.0,0.0,1.5
544,181,B,3.75,-3.141592653589793,1.0,-1.0,1.5
545,181,M,3.75,-1.5707963267948966,0.5,-0.5,1.5
546,182,A,3.75,0.0,0.0,0.0,1.5
547,182,B,3.75,-3.141592653589793,1.0,-1.0,2.5
548,182,M,3.75,-1.5707963267948966,0.5,-0.5,2.0
549,183,A,3.75,0.0,0.0,0.0,1.5
550,183,B,3.75,-3.141592653589793,1.0,0.0,0.5
551,183,M,3.75,-1.5707963267948966,0.5,0.0,1.0
552,184,A,3.75,0.0,0.0,0.0,1.5
553,184,B,3.75,-3.141592653589793,1.0,0.0,1.5
554,184,M,3.75,-1.5707963267948966,0.5,0.0,1.5
555,185,A,3.75,0.0,0.0,0.0,1.5
556,185,B,3.75,-3.141592653589793,1.0,0.0,2.5
557,185,M,3.75,-1.5707963267948966,0.5,0.0,2.0
558,186,A,3.75,0.0,0.0,0.0,1.5
559,186,B,3.75,-3.141592653589793,1.0,1.0,0.5
560,186,M,3.75,-1.5707963267948966,0.5,0.5,1.0
561,187,A,3.75,0.0,0.0,0.0,1.5
562,187,B,3.75,-3.141592653589793,1.0,1.0,1.5
563,187,M,3.75,-1.5707963267948966,0.5,0.5,1.5
564,188,A,3.75,0.0,0.0,0.0,1.5
565,188,B,3.75,-3.141592653589793,1.0,1.0,2.5
566,188,M,3.75,-1.5707963267948966,0.5,0.5,2.0
567,189,A,3.75,0.0,0.0,0.0,1.5
568,189,B,3.75,0.0,-1.0,-1.0,0.5
569,189,M,3.75,0.0,-0.5,-0.5,1.0
570,190,A,3.75,0.0,0.0,0.0,1.5
571,190,B,3.75,0.0,-1.0,-1.0,1.5
572,190,M,3.75,0.0,-0.5,-0.5,1.5
573,191,A,3.75,0.0,0.0,0.0,1.5
574,191,B,3.75,0.0,-1.0,-1.0,2.5
575,191,M,3.75,0.0,-0.5,-0.5,2.0
576,192,A,3.75,0.0,0.0,0.0,1.5
577,192,B,3.75,0.0,-1.0,0.0,0.5
578,192,M,3.75,0.0,-0.5,0.0,1.0
579,193,A,3.75,0.0,0.0,0.0,1.5
580,193,B,3.75,0.0,-1.0,0.0,1.5
581,193,M,3.75,0.0,-0.5,0.0,1.5
582,194,A,3.75,0.0,0.0,0.0,1.5
583,194,B,3.75,0.0,-1.0,0.0,2.5
584,194,M,3.75,0.0,-0.5,0.0,2.0
585,195,A,3.75,0.0,0.0,0.0,1.5
586,195,B,3.75,0.0,-1.0,1.0,0.5
587,195,M,3.75,0.0,-0.5,0.5,1.0
588,196,A,3.75,0.0,0.0,0.0,1.5
589,196,B,3.75,0.0,-1.0,1.0,1.5
590,196,M,3.75,0.0,-0.5,0.5,1.5
591,197,A,3.75,0.0,0.0,0.0,1.5
592,197,B,3.75,0.0,-1.0,1.0,2.5
593,197,M,3.75,0.0,-0.5,0.5,2.0
594,198,A,3.75,0.0,0.0,0.0,1.5
595,198,B,3.75,0.0,0.0,-1.0,0.5
596,198,M,3.75,0.0,0.0,-0.5,1.0
597,199,A,3.75,0.0,0.0,0.0,1.5
598,199,B,3.75,0.0,0.0,-1.0,1.5
599,199,M,3.75,0.0,0.0,-0.5,1.5
600,200,A,3.75,0.0,0.0,0.0,1.5
601,200,B,3.75,0.0,0.0,-1.0,2.5
602,200,M,3.75,0.0,0.0,-0.5,2.0
603,201,A,3.75,0.0,0.0,0.0,1.5
604,201,B,3.75,0.0,0.0,0.0,0.5
605,201,M,3.75,0.0,0.0,0.0,1.0
606,202,A,3.75,0.0,0.0,0.0,1.5
607,202,B,3.75,0.0,0.0,0.0,1.5
608,202,M,3.75,0.0,0.0,0.0,1.5
609,203,A,3.75,0.0,0.0,0.0,1.5
610,203,B,3.75,0.0,0.0,0.0,2.5
611,203,M,3.75,0.0,0.0,0.0,2.0
612,204,A,3.75,0.0,0.0,0.0,1.5
613,204,B,3.75,0.0,0.0,1.0,0.5
614,204,M,3.75,0.0,0.0,0.5,1.0
615,205,A,3.75,0.0,0.0,0.0,1.5
616,205,B,3.75,0.0,0.0,1.0,1.5
617,205,M,3.75,0.0,0.0,0.5,1.5
618,206,A,3.75,0.0,0.0,0.0,1.5
619,206,B,3.75,0.0,0.0,1.0,2.5
620,206,M,3.75,0.0,0.0,0.5,2.0
621,207,A,3.75,0.0,0.0,0.0,1.5
622,207,B,3.75,0.0,1.0,-1.0,0.5
623,207,M,3.75,0.0,0.5,-0.5,1.0
624,208,A,3.75,0.0,0.0,0.0,1.5
625,208,B,3.75,0.0,1.0,-1.0,1.5
626,208,M,3.75,0.0,0.5,-0.5,1.5
627,209,A,3.75,0.0,0.0,0.0,1.5
628,209,B,3.75,0.0,1.0,-1.0,2.5
629,209,M,3.75,0.0,0.5,-0.5,2.0
630,210,A,3.75,0.0,0.0,0.0,1.5
631,210,B,3.75,0.0,1.0,0.0,0.5
632,210,M,3.75,0.0,0.5,0.0,1.0
633,211,A,3.75,0.0,0.0,0.0,1.5
634,211,B,3.75,0.0,1.0,0.0,1.5
635,211,M,3.75,0.0,0.5,0.0,1.5
636,212,A,3.75,0.0,0.0,0.0,1.5
637,212,B,3.75,0.0,1.0,0.0,2.5
638,212,M,3.75,0.0,0.5,0.0,2.0
639,213,A,3.75,0.0,0.0,0.0,1.5
640,213,B,3.75,0.0,1.0,1.0,0.5
641,213,M,3.75,0.0,0.5,0.5,1.0
642,214,A,3.75,0.0,0.0,0.0,1.5
643,214,B,3.75,0.0,1.0,1.0,1.5
644,214,M,3.75,0.0,0.5,0.5,1.5
645,215,A,3.75,0.0,0.0,0.0,1.5
646,215,B,3.75,0.0,1.0,1.0,2.5
647,215,M,3.75,0.0,0.5,0.5,2.0
648,216,A,3.75,0.0,0.0,0.0,1.5
649,216,B,3.75,3.141592653589793,-1.0,-1.0,0.5
650,216,M,3.75,1.5707963267948966,-0.5,-0.5,1.0
651,217,A,3.75,0.0,0.0,0.0,1.5
652,217,B,3.75,3.141592653589793,-1.0,-1.0,1.5
653,217,M,3.75,1.5707963267948966,-0.5,-0.5,1.5
654,218,A,3.75,0.0,0.0,0.0,1.5
655,218,B,3.75,3.141592653589793,-1.0,-1.0,2.5
656,218,M,3.75,1.5707963267948966,-0.5,-0.5,2.0
657,219,A,3.75,0.0,0.0,0.0,1.5
658,219,B,3.75,3.141592653589793,-1.0,0.0,0.5
659,219,M,3.75,1.5707963267948966,-0.5,0.0,1.0
660,220,A,3.75,0.0,0.0,0.0,1.5
661,220,B,3.75,3.141592653589793,-1.0,0.0,1.5
662,220,M,3.75,1.5707963267948966,-0.5,0.0,1.5
663,221,A,3.75,0.0,0.0,0.0,1.5
664,221,B,3.75,3.141592653589793,-1.0,0.0,2.5
665,221,M,3.75,1.5707963267948966,-0.5,0.0,2.0
666,222,A,3.75,0.0,0.0,0.0,1.5
667,222,B,3.75,3.141592653589793,-1.0,1.0,0.5
668,222,M,3.75,1.5707963267948966,-0.5,0.5,1.0
669,223,A,3.75,0.0,0.0,0.0,1.5
670,223,B,3.75,3.141592653589793,-1.0,1.0,1.5
671,223,M,3.75,1.5707963267948966,-0.5,0.5,1.5
672,224,A,3.75,0.0,0.0,0.0,1.5
673,224,B,3.75,3.141592653589793,-1.0,1.0,2.5
674,224,M,3.75,1.5707963267948966,-0.5,0.5,2.0
675,225,A,3.75,0.0,0.0,0.0,1.5
676,225,B,3.75,3.141592653589793,0.0,-1.0,0.5
677,225,M,3.75,1.5707963267948966,0.0,-0.5,1.0
678,226,A,3.75,0.0,0.0,0.0,1.5
679,226,B,3.75,3.141592653589793,0.0,-1.0,1.5
680,226,M,3.75,1.5707963267948966,0.0,-0.5,1.5
681,227,A,3.75,0.0,0.0,0.0,1.5
682,227,B,3.75,3.141592653589793,0.0,-1.0,2.5
683,227,M,3.75,1.5707963267948966,0.0,-0.5,2.0
684,228,A,3.75,0.0,0.0,0.0,1.5
685,228,B,3.75,3.141592653589793,0.0,0.0,0.5
686,228,M,3.75,1.5707963267948966,0.0,0.0,1.0
687,229,A,3.75,0.0,0.0,0.0,1.5
688,229,B,3.75,3.141592653589793,0.0,0.0,1.5
689,229,M,3.75,1.5707963267948966,0.0,0.0,1.5
690,230,A,3.75,0.0,0.0,0.0,1.5
691,230,B,3.75,3.141592653589793,0.0,0.0,2.5
692,230,M,3.75,1.5707963267948966,0.0,0.0,2.0
693,231,A,3.75,0.0,0.0,0.0,1.5
694,231,B,3.75,3.141592653589793,0.0,1.0,0.5
695,231,M,3.75,1.5707963267948966,0.0,0.5,1.0
696,232,A,3.75,0.0,0.0,0.0,1.5
697,232,B,3.75,3.141592653589793,0.0,1.0,1.5
698,232,M,3.75,1.5707963267948966,0.0,0.5,1.5
699,233,A,3.75,0.0,0.0,0.0,1.5
700,233,B,3.75,3.141592653589793,0.0,1.0,2.5
701,233,M,3.75,1.5707963267948966,0.0,0.5,2.0
702,234,A,3.75,0.0,0.0,0.0,1.5
703,234,B,3.75,3.141592653589793,1.0,-1.0,0.5
704,234,M,3.75,1.5707963267948966,0.5,-0.5,1.0
705,235,A,3.75,0.0,0.0,0.0,1.5
706,235,B,3.75,3.141592653589793,1.0,-1.0,1.5
707,235,M,3.75,1.5707963267948966,0.5,-0.5,1.5
708,236,A,3.75,0.0,0.0,0.0,1.5
709,236,B,3.75,3.141592653589793,1.0,-1.0,2.5
710,236,M,3.75,1.5707963267948966,0.5,-0.5,2.0
711,237,A,3.75,0.0,0.0,0.0,1.5
712,237,B,3.75,3.141592653589793,1.0,0.0,0.5
713,237,M,3.75,1.5707963267948966,0.5,0.0,1.0
714,238,A,3.75,0.0,0.0,0.0,1.5
715,238,B,3.75,3.141592653589793,1.0,0.0,1.5
716,238,M,3.75,1.5707963267948966,0.5,0.0,1.5
717,239,A,3.75,0.0,0.0,0.0,1.5
718,239,B,3.75,3.141592653589793,1.0,0.0,2.5
719,239,M,3.75,1.5707963267948966,0.5,0.0,2.0
720,240,A,3.75,0.0,0.0,0.0,1.5
721,240,B,3.75,3.141592653589793,1.0,1.0,0.5
722,240,M,3.75,1.5707963267948966,0.5,0.5,1.0
723,241,A,3.75,0.0,0.0,0.0,1.5
724,241,B,3.75,3.141592653589793,1.0,1.0,1.5
725,241,M,3.75,1.5707963267948966,0.5,0.5,1.5
726,242,A,3.75,0.0,0.0,0.0,1.5
727,242,B,3.75,3.141592653589793,1.0,1.0,2.5
728,242,M,3.75,1.5707963267948966,0.5,0.5,2.0
729,243,A,3.75,0.0,0.0,0.0,1.5
730,243,B,3.75,6.283185307179586,-1.0,-1.0,0.5
731,243,M,3.75,3.141592653589793,-0.5,-0.5,1.0
732,244,A,3.75,0.0,0.0,0.0,1.5
733,244,B,3.75,6.283185307179586,-1.0,-1.0,1.5
734,244,M,3.75,3.141592653589793,-0.5,-0.5,1.5
735,245,A,3.75,0.0,0.0,0.0,1.5
736,245,B,3.75,6.283185307179586,-1.0,-1.0,2.5
737,245,M,3.75,3.141592653589793,-0.5,-0.5,2.0
738,246,A,3.75,0.0,0.0,0.0,1.5
739,246,B,3.75,6.283185307179586,-1.0,0.0,0.5
740,246,M,3.75,3.141592653589793,-0.5,0.0,1.0
741,247,A,3.75,0.0,0.0,0.0,1.5
742,247,B,3.75,6.283185307179586,-1.0,0.0,1.5
743,247,M,3.75,3.141592653589793,-0.5,0.0,1.5
744,248,A,3.75,0.0,0.0,0.0,1.5
745,248,B,3.75,6.283185307179586,-1.0,0.0,2.5
746,248,M,3.75,3.141592653589793,-0.5,0.0,2.0
747,249,A,3.75,0.0,0.0,0.0,1.5
748,249,B,3.75,6.283185307179586,-1.0,1.0,0.5
749,249,M,3.75,3.141592653589793,-0.5,0.5,1.0
750,250,A,3.75,0.0,0.0,0.0,1.5
751,250,B,3.75,6.283185307179586,-1.0,1.0,1.5
752,250,M,3.75,3.141592653589793,-0.5,0.5,1.5
753,251,A,3.75,0.0,0.0,0.0,1.5
754,251,B,3.75,6.283185307179586,-1.0,1.0,2.5
755,251,M,3.75,3.141592653589793,-0.5,0.5,2.0
756,252,A,3.75,0.0,0.0,0.0,1.5
757,252,B,3.75,6.283185307179586,0.0,-1.0,0.5
758,252,M,3.75,3.141592653589793,0.0,-0.5,1.0
759,253,A,3.75,0.0,0.0,0.0,1.5
760,253,B,3.75,6.283185307179586,0.0,-1.0,1.5
761,253,M,3.75,3.141592653589793,0.0,-0.5,1.5
762,254,A,3.75,0.0,0.0,0.0,1.5
763,254,B,3.75,6.283185307179586,0.0,-1.0,2.5
764,254,M,3.75,3.141592653589793,0.0,-0.5,2.0
765,255,A,3.75,0.0,0.0,0.0,1.5
766,255,B,3.75,6.283185307179586,0.0,0.0,0.5
767,255,M,3.75,3.141592653589793,0.0,0.0,1.0
768,256,A,3.75,0.0,0.0,0.0,1.5
769,256,B,3.75,6.283185307179586,0.0,0.0,1.5
770,256,M,3.75,3.141592653589793,0.0,0.0,1.5
771,257,A,3.75,0.0,0.0,0.0,1.5
772,257,B,3.75,6.283185307179586,0.0,0.0,2.5
773,257,M,3.75,3.141592653589793,0.0,0.0,2.0
774,258,A,3.75,0.0,0.0,0.0,1.5
775,258,B,3.75,6.283185307179586,0.0,1.0,0.5
776,258,M,3.75,3.141592653589793,0.0,0.5,1.0
777,259,A,3.75,0.0,0.0,0.0,1.5
778,259,B,3.75,6.283185307179586,0.0,1.0,1.5
779,259,M,3.75,3.141592653589793,0.0,0.5,1.5
780,260,A,3.75,0.0,0.0,0.0,1.5
781,260,B,3.75,6.283185307179586,0.0,1.0,2.5
782,260,M,3.75,3.141592653589793,0.0,0.5,2.0
783,261,A,3.75,0.0,0.0,0.0,1.5
784,261,B,3.75,6.283185307179586,1.0,-1.0,0.5
785,261,M,3.75,3.141592653589793,0.5,-0.5,1.0
786,262,A,3.75,0.0,0.0,0.0,1.5
787,262,B,3.75,6.283185307179586,1.0,-1.0,1.5
788,262,M,3.75,3.141592653589793,0.5,-0.5,1.5
789,263,A,3.75,0.0,0.0,0.0,1.5
790,263,B,3.75,6.283185307179586,1.0,-1.0,2.5
791,263,M,3.75,3.141592653589793,0.5,-0.5,2.0
792,264,A,3.75,0.0,0.0,0.0,1.5
793,264,B,3.75,6.283185307179586,1.0,0.0,0.5
794,264,M,3.75,3.141592653589793,0.5,0.0,1.0
795,265,A,3.75,0.0,0.0,0.0,1.5
796,265,B,3.75,6.283185307179586,1.0,0.0,1.5
797,265,M,3.75,3.141592653589793,0.5,0.0,1.5
798,266,A,3.75,0.0,0.0,0.0,1.5
799,266,B,3.75,6.283185307179586,1.0,0.0,2.5
800,266,M,3.75,3.141592653589793,0.5,0.0,2.0
801,267,A,3.75,0.0,0.0,0.0,1.5
802,267,B,3.75,6.283185307179586,1.0,1.0,0.5
803,267,M,3.75,3.141592653589793,0.5,0.5,1.0
804,268,A,3.75,0.0,0.0,0.0,1.5
805,268,B,3.75,6.283185307179586,1.0,1.0,1.5
806,268,M,3.75,3.141592653589793,0.5,0.5,1.5
807,269,A,3.75,0.0,0.0,0.0,1.5
808,269,B,3.75,6.283185307179586,1.0,1.0,2.5
809,269,M,3.75,3.141592653589793,0.5,0.5,2.0
810,270,A,3.75,0.0,0.0,0.0,1.5
811,270,B,7.0,-6.283185307179586,-1.0,-1.0,0.5
812,270,M,5.375,-3.141592653589793,-0.5,-0.5,1.0
813,271,A,3.75,0.0,0.0,0.0,1.5
814,271,B,7.0,-6.283185307179586,-1.0,-1.0,1.5
815,271,M,5.375,-3.141592653589793,-0.5,-0.5,1.5
816,272,A,3.75,0.0,0.0,0.0,1.5
817,272,B,7.0,-6.283185307179586,-1.0,-1.0,2.5
818,272,M,5.375,-3.141592653589793,-0.5,-0.5,2.0
819,273,A,3.75,0.0,0.0,0.0,1.5
820,273,B,7.0,-6.283185307179586,-1.0,0.0,0.5
821,273,M,5.375,-3.141592653589793,-0.5,0.0,1.0
822,274,A,3.75,0.0,0.0,0.0,1.5
823,274,B,7.0,-6.283185307179586,-1.0,0.0,1.5
824,274,M,5.375,-3.141592653589793,-0.5,0.0,1.5
825,275,A,3.75,0.0,0.0,0.0,1.5
826,275,B,7.0,-6.283185307179586,-1.0,0.0,2.5
827,275,M,5.375,-3.141592653589793,-0.5,0.0,2.0
828,276,A,3.75,0.0,0.0,0.0,1.5
829,276,B,7.0,-6.283185307179586,-1.0,1.0,0.5
830,276,M,5.375,-3.141592653589793,-0.5,0.5,1.0
831,277,A,3.75,0.0,0.0,0.0,1.5
832,277,B,7.0,-6.283185307179586,-1.0,1.0,1.5
833,277,M,5.375,-3.141592653589793,-0.5,0.5,1.5
834,278,A,3.75,0.0,0.0,0.0,1.5
835,278,B,7.0,-6.283185307179586,-1.0,1.0,2.5
836,278,M,5.375,-3.141592653589793,-0.5,0.5,2.0
837,279,A,3.75,0.0,0.0,0.0,1.5
838,279,B,7.0,-6.283185307179586,0.0,-1.0,0.5
839,279,M,5.375,-3.141592653589793,0.0,-0.5,1.0
840,280,A,3.75,0.0,0.0,0.0,1.5
841,280,B,7.0,-6.283185307179586,0.0,-1.0,1.5
842,280,M,5.375,-3.141592653589793,0.0,-0.5,1.5
843,281,A,3.75,0.0,0.0,0.0,1.5
844,281,B,7.0,-6.283185307179586,0.0,-1.0,2.5
845,281,M,5.375,-3.141592653589793,0.0,-0.5,2.0
846,282,A,3.75,0.0,0.0,0.0,1.5
847,282,B,7.0,-6.283185307179586,0.0,0.0,0.5
848,282,M,5.375,-3.141592653589793,0.0,0.0,1.0
849,283,A,3.75,0.0,0.0,0.0,1.5
850,283,B,7.0,-6.283185307179586,0.0,0.0,1.5
851,283,M,5.375,-3.141592653589793,0.0,0.0,1.5
852,284,A,3.75,0.0,0.0,0.0,1.5
853,284,B,7.0,-6.283185307179586,0.0,0.0,2.5
854,284,M,5.375,-3.141592653589793,0.0,0.0,2.0
855,285,A,3.75,0.0,0.0,0.0,1.5
856,285,B,7.0,-6.283185307179586,0.0,1.0,0.5
857,285,M,5.375,-3.141592653589793,0.0,0.5,1.0
858,286,A,3.75,0.0,0.0,0.0,1.5
859,286,B,7.0,-6.283185307179586,0.0,1.0,1.5
860,286,M,5.375,-3.141592653589793,0.0,0.5,1.5
861,287,A,3.75,0.0,0.0,0.0,1.5
862,287,B,7.0,-6.283185307179586,0.0,1.0,2.5
863,287,M,5.375,-3.141592653589793,0.0,0.5,2.0
864,288,A,3.75,0.0,0.0,0.0,1.5
865,288,B,7.0,-6.283185307179586,1.0,-1.0,0.5
866,288,M,5.375,-3.141592653589793,0.5,-0.5,1.0
867,289,A,3.75,0.0,0.0,0.0,1.5
868,289,B,7.0,-6.283185307179586,1.0,-1.0,1.5
869,289,M,5.375,-3.141592653589793,0.5,-0.5,1.5
870,290,A,3.75,0.0,0.0,0.0,1.5
871,290,B,7.0,-6.283185307179586,1.0,-1.0,2.5
872,290,M,5.375,-3.141592653589793,0.5,-0.5,2.0
873,291,A,3.75,0.0,0.0,0.0,1.5
874,291,B,7.0,-6.283185307179586,1.0,0.0,0.5
875,291,M,5.375,-3.141592653589793,0.5,0.0,1.0
876,292,A,3.75,0.0,0.0,0.0,1.5
877,292,B,7.0,-6.283185307179586,1.0,0.0,1.5
878,292,M,5.375,-3.141592653589793,0.5,0.0,1.5
879,293,A,3.75,0.0,0.0,0.0,1.5
880,293,B,7.0,-6.283185307179586,1.0,0.0,2.5
881,293,M,5.375,-3.141592653589793,0.5,0.0,2.0
882,294,A,3.75,0.0,0.0,0.0,1.5
883,294,B,7.0,-6.283185307179586,1.0,1.0,0.5
884,294,M,5.375,-3.141592653589793,0.5,0.5,1.0
885,295,A,3.75,0.0,0.0,0.0,1.5
886,295,B,7.0,-6.283185307179586,1.0,1.0,1.5
887,295,M,5.375,-3.141592653589793,0.5,0.5,1.5
888,296,A,3.75,0.0,0.0,0.0,1.5
889,296,B,7.0,-6.283185307179586,1.0,1.0,2.5
890,296,M,5.375,-3.141592653589793,0.5,0.5,2.0
891,297,A,3.75,0.0,0.0,0.0,1.5
892,297,B,7.0,-3.141592653589793,-1.0,-1.0,0.5
893,297,M,5.375,-1.5707963267948966,-0.5,-0.5,1.0
894,298,A,3.75,0.0,0.0,0.0,1.5
895,298,B,7.0,-3.141592653589793,-1.0,-1.0,1.5
896,298,M,5.375,-1.5707963267948966,-0.5,-0.5,1.5
897,299,A,3.75,0.0,0.0,0.0,1.5
898,299,B,7.0,-3.141592653589793,-1.0,-1.0,2.5
899,299,M,5.375,-1.5707963267948966,-0.5,-0.5,2.0
900,300,A,3.75,0.0,0.0,0.0,1.5
901,300,B,7.0,-3.141592653589793,-1.0,0.0,0.5
902,300,M,5.375,-1.5707963267948966,-0.5,0.0,1.0
903,301,A,3.75,0.0,0.0,0.0,1.5
904,301,B,7.0,-3.141592653589793,-1.0,0.0,1.5
905,301,M,5.375,-1.5707963267948966,-0.5,0.0,1.5
906,302,A,3.75,0.0,0.0,0.0,1.5
907,302,B,7.0,-3.141592653589793,-1.0,0.0,2.5
908,302,M,5.375,-1.5707963267948966,-0.5,0.0,2.0
909,303,A,3.75,0.0,0.0,0.0,1.5
910,303,B,7.0,-3.141592653589793,-1.0,1.0,0.5
911,303,M,5.375,-1.5707963267948966,-0.5,0.5,1.0
912,304,A,3.75,0.0,0.0,0.0,1.5
913,304,B,7.0,-3.141592653589793,-1.0,1.0,1.5
914,304,M,5.375,-1.5707963267948966,-0.5,0.5,1.5
915,305,A,3.75,0.0,0.0,0.0,1.5
916,305,B,7.0,-3.141592653589793,-1.0,1.0,2.5
917,305,M,5.375,-1.5707963267948966,-0.5,0.5,2.0
918,306,A,3.75,0.0,0.0,0.0,1.5
919,306,B,7.0,-3.141592653589793,0.0,-1.0,0.5
920,306,M,5.375,-1.5707963267948966,0.0,-0.5,1.0
921,307,A,3.75,0.0,0.0,0.0,1.5
922,307,B,7.0,-3.141592653589793,0.0,-1.0,1.5
923,307,M,5.375,-1.5707963267948966,0.0,-0.5,1.5
924,308,A,3.75,0.0,0.0,0.0,1.5
925,308,B,7.0,-3.141592653589793,0.0,-1.0,2.5
926,308,M,5.375,-1.5707963267948966,0.0,-0.5,2.0
927,309,A,3.75,0.0,0.0,0.0,1.5
928,309,B,7.0,-3.141592653589793,0.0,0.0,0.5
929,309,M,5.375,-1.5707963267948966,0.0,0.0,1.0
930,310,A,3.75,0.0,0.0,0.0,1.5
931,310,B,7.0,-3.141592653589793,0.0,0.0,1.5
932,310,M,5.375,-1.5707963267948966,0.0,0.0,1.5
933,311,A,3.75,0.0,0.0,0.0,1.5
934,311,B,7.0,-3.141592653589793,0.0,0.0,2.5
935,311,M,5.375,-1.5707963267948966,0.0,0.0,2.0
936,312,A,3.75,0.0,0.0,0.0,1.5
937,312,B,7.0,-3.141592653589793,0.0,1.0,0.5
938,312,M,5.375,-1.5707963267948966,0.0,0.5,1.0
939,313,A,3.75,0.0,0.0,0.0,1.5
940,313,B,7.0,-3.141592653589793,0.0,1.0,1.5
941,313,M,5.375,-1.5707963267948966,0.0,0.5,1.5
942,314,A,3.75,0.0,0.0,0.0,1.5
943,314,B,7.0,-3.141592653589793,0.0,1.0,2.5
944,314,M,5.375,-1.5707963267948966,0.0,0.5,2.0
945,315,A,3.75,0.0,0.0,0.0,1.5
946,315,B,7.0,-3.141592653589793,1.0,-1.0,0.5
947,315,M,5.375,-1.5707963267948966,0.5,-0.5,1.0
948,316,A,3.75,0.0,0.0,0.0,1.5
949,316,B,7.0,-3.141592653589793,1.0,-1.0,1.5
950,316,M,5.375,-1.5707963267948966,0.5,-0.5,1.5
951,317,A,3.75,0.0,0.0,0.0,1.5
952,317,B,7.0,-3.141592653589793,1.0,-1.0,2.5
953,317,M,5.375,-1.5707963267948966,0.5,-0.5,2.0
954,318,A,3.75,0.0,0.0,0.0,1.5
955,318,B,7.0,-3.141592653589793,1.0,0.0,0.5
956,318,M,5.375,-1.5707963267948966,0.5,0.0,1.0
957,319,A,3.75,0.0,0.0,0.0,1.5
958,319,B,7.0,-3.141592653589793,1.0,0.0,1.5
959,319,M,5.375,-1.5707963267948966,0.5,0.0,1.5
960,320,A,3.75,0.0,0.0,0.0,1.5
961,320,B,7.0,-3.141592653589793,1.0,0.0,2.5
962,320,M,5.375,-1.5707963267948966,0.5,0.0,2.0
963,321,A,3.75,0.0,0.0,0.0,1.5
964,321,B,7.0,-3.141592653589793,1.0,1.0,0.5
965,321,M,5.375,-1.5707963267948966,0.5,0.5,1.0
966,322,A,3.75,0.0,0.0,0.0,1.5
967,322,B,7.0,-3.141592653589793,1.0,1.0,1.5
968,322,M,5.375,-1.5707963267948966,0.5,0.5,1.5
969,323,A,3.75,0.0,0.0,0.0,1.5
970,323,B,7.0,-3.141592653589793,1.0,1.0,2.5
971,323,M,5.375,-1.5707963267948966,0.5,0.5,2.0
972,324,A,3.75,0.0,0.0,0.0,1.5
973,324,B,7.0,0.0,-1.0,-1.0,0.5
974,324,M,5.375,0.0,-0.5,-0.5,1.0
975,325,A,3.75,0.0,0.0,0.0,1.5
976,325,B,7.0,0.0,-1.0,-1.0,1.5
977,325,M,5.375,0.0,-0.5,-0.5,1.5
978,326,A,3.75,0.0,0.0,0.0,1.5
979,326,B,7.0,0.0,-1.0,-1.0,2.5
980,326,M,5.375,0.0,-0.5,-0.5,2.0
981,327,A,3.75,0.0,0.0,0.0,1.5
982,327,B,7.0,0.0,-1.0,0.0,0.5
983,327,M,5.375,0.0,-0.5,0.0,1.0
984,328,A,3.75,0.0,0.0,0.0,1.5
985,328,B,7.0,0.0,-1.0,0.0,1.5
986,328,M,5.375,0.0,-0.5,0.0,1.5
987,329,A,3.75,0.0,0.0,0.0,1.5
988,329,B,7.0,0.0,-1.0,0.0,2.5
989,329,M,5.375,0.0,-0.5,0.0,2.0
990,330,A,3.75,0.0,0.0,0.0,1.5
991,330,B,7.0,0.0,-1.0,1.0,0.5
992,330,M,5.375,0.0,-0.5,0.5,1.0
993,331,A,3.75,0.0,0.0,0.0,1.5
994,331,B,7.0,0.0,-1.0,1.0,1.5
995,331,M,5.375,0.0,-0.5,0.5,1.5
996,332,A,3.75,0.0,0.0,0.0,1.5
997,332,B,7.0,0.0,-1.0,1.0,2.5
998,332,M,5.375,0.0,-0.5,0.5,2.0
999,333,A,3.75,0.0,0.0,0.0,1.5
1000,333,B,7.0,0.0,0.0,-1.0,0.5
1001,333,M,5.375,0.0,0.0,-0.5,1.0
1002,334,A,3.75,0.0,0.0,0.0,1.5
1003,334,B,7.0,0.0,0.0,-1.0,1.5
1004,334,M,5.375,0.0,0.0,-0.5,1.5
1005,335,A,3.75,0.0,0.0,0.0,1.5
1006,335,B,7.0,0.0,0.0,-1.0,2.5
1007,335,M,5.375,0.0,0.0,-0.5,2.0
1008,336,A,3.75,0.0,0.0,0.0,1.5
1009,336,B,7.0,0.0,0.0,0.0,0.5
1010,336,M,5.375,0.0,0.0,0.0,1.0
1011,337,A,3.75,0.0,0.0,0.0,1.5
1012,337,B,7.0,0.0,0.0,0.0,1.5
1013,337,M,5.375,0.0,0.0,0.0,1.5
1014,338,A,3.75,0.0,0.0,0.0,1.5
1015,338,B,7.0,0.0,0.0,0.0,2.5
1016,338,M,5.375,0.0,0.0,0.0,2.0
1017,339,A,3.75,0.0,0.0,0.0,1.5
1018,339,B,7.0,0.0,0.0,1.0,0.5
1019,339,M,5.375,0.0,0.0,0.5,1.0
1020,340,A,3.75,0.0,0.0,0.0,1.5
1021,340,B,7.0,0.0,0.0,1.0,1.5
1022,340,M,5.375,0.0,0.0,0.5,1.5
1023,341,A,3.75,0.0,0.0,0.0,1.5
1024,341,B,7.0,0.0,0.0,1.0,2.5
1025,341,M,5.375,0.0,0.0,0.5,2.0
1026,342,A,3.75,0.0,0.0,0.0,1.5
1027,342,B,7.0,0.0,1.0,-1.0,0.5
1028,342,M,5.375,0.0,0.5,-0.5,1.0
1029,343,A,3.75,0.0,0.0,0.0,1.5
1030,343,B,7.0,0.0,1.0,-1.0,1.5
1031,343,M,5.375,0.0,0.5,-0.5,1.5
1032,344,A,3.75,0.0,0.0,0.0,1.5
1033,344,B,7.0,0.0,1.0,-1.0,2.5
1034,344,M,5.375,0.0,0.5,-0.5,2.0
1035,345,A,3.75,0.0,0.0,0.0,1.5
1036,345,B,7.0,0.0,1.0,0.0,0.5
1037,345,M,5.375,0.0,0.5,0.0,1.0
1038,346,A,3.75,0.0,0.0,0.0,1.5
1039,346,B,7.0,0.0,1.0,0.0,1.5
1040,346,M,5.375,0.0,0.5,0.0,1.5
1041,347,A,3.75,0.0,0.0,0.0,1.5
1042,347,B,7.0,0.0,1.0,0.0,2.5
1043,347,M,5.375,0.0,0.5,0.0,2.0
1044,348,A,3.75,0.0,0.0,0.0,1.5
1045,348,B,7.0,0.0,1.0,1.0,0.5
1046,348,M,5.375,0.0,0.5,0.5,1.0
1047,349,A,3.75,0.0,0.0,0.0,1.5
1048,349,B,7.0,0.0,1.0,1.0,1.5
1049,349,M,5.375,0.0,0.5,0.5,1.5
1050,350,A,3.75,0.0,0.0,0.0,1.5
1051,350,B,7.0,0.0,1.0,1.0,2.5
1052,350,M,5.375,0.0,0.5,0.5,2.0
1053,351,A,3.75,0.0,0.0,0.0,1.5
1054,351,B,7.0,3.141592653589793,-1.0,-1.0,0.5
1055,351,M,5.375,1.5707963267948966,-0.5,-0.5,1.0
1056,352,A,3.75,0.0,0.0,0.0,1.5
1057,352,B,7.0,3.141592653589793,-1.0,-1.0,1.5
1058,352,M,5.375,1.5707963267948966,-0.5,-0.5,1.5
1059,353,A,3.75,0.0,0.0,0.0,1.5
1060,353,B,7.0,3.141592653589793,-1.0,-1.0,2.5
1061,353,M,5.375,1.5707963267948966,-0.5,-0.5,2.0
1062,354,A,3.75,0.0,0.0,0.0,1.5
1063,354,B,7.0,3.141592653589793,-1.0,0.0,0.5
1064,354,M,5.375,1.5707963267948966,-0.5,0.0,1.0
1065,355,A,3.75,0.0,0.0,0.0,1.5
1066,355,B,7.0,3.141592653589793,-1.0,0.0,1.5
1067,355,M,5.375,1.5707963267948966,-0.5,0.0,1.5
1068,356,A,3.75,0.0,0.0,0.0,1.5
1069,356,B,7.0,3.141592653589793,-1.0,0.0,2.5
1070,356,M,5.375,1.5707963267948966,-0.5,0.0,2.0
1071,357,A,3.75,0.0,0.0,0.0,1.5
1072,357,B,7.0,3.141592653589793,-1.0,1.0,0.5
1073,357,M,5.375,1.5707963267948966,-0.5,0.5,1.0
1074,358,A,3.75,0.0,0.0,0.0,1.5
1075,358,B,7.0,3.141592653589793,-1.0,1.0,1.5
1076,358,M,5.375,1.5707963267948966,-0.5,0.5,1.5
1077,359,A,3.75,0.0,0.0,0.0,1.5
1078,359,B,7.0,3.141592653589793,-1.0,1.0,2.5
1079,359,M,5.375,1.5707963267948966,-0.5,0.5,2.0
1080,360,A,3.75,0.0,0.0,0.0,1.5
1081,360,B,7.0,3.141592653589793,0.0,-1.0,0.5
1082,360,M,5.375,1.5707963267948966,0.0,-0.5,1.0
1083,361,A,3.75,0.0,0.0,0.0,1.5
1084,361,B,7.0,3.141592653589793,0.0,-1.0,1.5
1085,361,M,5.375,1.5707963267948966,0.0,-0.5,1.5
1086,362,A,3.75,0.0,0.0,0.0,1.5
1087,362,B,7.0,3.141592653589793,0.0,-1.0,2.5
1088,362,M,5.375,1.5707963267948966,0.0,-0.5,2.0
1089,363,A,3.75,0.0,0.0,0.0,1.5
1090,363,B,7.0,3.141592653589793,0.0,0.0,0.5
1091,363,M,5.375,1.5707963267948966,0.0,0.0,1.0
1092,364,A,3.75,0.0,0.0,0.0,1.5
1093,364,B,7.0,3.141592653589793,0.0,0.0,1.5
1094,364,M,5.375,1.5707963267948966,0.0,0.0,1.5
1095,365,A,3.75,0.0,0.0,0.0,1.5
1096,365,B,7.0,3.141592653589793,0.0,0.0,2.5
1097,365,M,5.375,1.5707963267948966,0.0,0.0,2.0
1098,366,A,3.75,0.0,0.0,0.0,1.5
1099,366,B,7.0,3.141592653589793,0.0,1.0,0.5
1100,366,M,5.375,1.5707963267948966,0.0,0.5,1.0
1101,367,A,3.75,0.0,0.0,0.0,1.5
1102,367,B,7.0,3.141592653589793,0.0,1.0,1.5
1103,367,M,5.375,1.5707963267948966,0.0,0.5,1.5
1104,368,A,3.75,0.0,0.0,0.0,1.5
1105,368,B,7.0,3.141592653589793,0.0,1.0,2.5
1106,368,M,5.375,1.5707963267948966,0.0,0.5,2.0
1107,369,A,3.75,0.0,0.0,0.0,1.5
1108,369,B,7.0,3.141592653589793,1.0,-1.0,0.5
1109,369,M,5.375,1.5707963267948966,0.5,-0.5,1.0
1110,370,A,3.75,0.0,0.0,0.0,1.5
1111,370,B,7.0,3.141592653589793,1.0,-1.0,1.5
1112,370,M,5.375,1.5707963267948966,0.5,-0.5,1.5
1113,371,A,3.75,0.0,0.0,0.0,1.5
1114,371,B,7.0,3.141592653589793,1.0,-1.0,2.5
1115,371,M,5.375,1.5707963267948966,0.5,-0.5,2.0
1116,372,A,3.75,0.0,0.0,0.0,1.5
1117,372,B,7.0,3.141592653589793,1.0,0.0,0.5
1118,372,M,5.375,1.5707963267948966,0.5,0.0,1.0
1119,373,A,3.75,0.0,0.0,0.0,1.5
1120,373,B,7.0,3.141592653589793,1.0,0.0,1.5
1121,373,M,5.375,1.5707963267948966,0.5,0.0,1.5
1122,374,A,3.75,0.0,0.0,0.0,1.5
1123,374,B,7.0,3.141592653589793,1.0,0.0,2.5
1124,374,M,5.375,1.5707963267948966,0.5,0.0,2.0
1125,375,A,3.75,0.0,0.0,0.0,1.5
1126,375,B,7.0,3.141592653589793,1.0,1.0,0.5
1127,375,M,5.375,1.5707963267948966,0.5,0.5,1.0
1128,376,A,3.75,0.0,0.0,0.0,1.5
1129,376,B,7.0,3.141592653589793,1.0,1.0,1.5
1130,376,M,5.375,1.5707963267948966,0.5,0.5,1.5
1131,377,A,3.75,0.0,0.0,0.0,1.5
1132,377,B,7.0,3.141592653589793,1.0,1.0,2.5
1133,377,M,5.375,1.5707963267948966,0.5,0.5,2.0
1134,378,A,3.75,0.0,0.0,0.0,1.5
1135,378,B,7.0,6.283185307179586,-1.0,-1.0,0.5
1136,378,M,5.375,3.141592653589793,-0.5,-0.5,1.0
1137,379,A,3.75,0.0,0.0,0.0,1.5
1138,379,B,7.0,6.283185307179586,-1.0,-1.0,1.5
1139,379,M,5.375,3.141592653589793,-0.5,-0.5,1.5
1140,380,A,3.75,0.0,0.0,0.0,1.5
1141,380,B,7.0,6.283185307179586,-1.0,-1.0,2.5
1142,380,M,5.375,3.141592653589793,-0.5,-0.5,2.0
1143,381,A,3.75,0.0,0.0,0.0,1.5
1144,381,B,7.0,6.283185307179586,-1.0,0.0,0.5
1145,381,M,5.375,3.141592653589793,-0.5,0.0,1.0
1146,382,A,3.75,0.0,0.0,0.0,1.5
1147,382,B,7.0,6.283185307179586,-1.0,0.0,1.5
1148,382,M,5.375,3.141592653589793,-0.5,0.0,1.5
1149,383,A,3.75,0.0,0.0,0.0,1.5
1150,383,B,7.0,6.283185307179586,-1.0,0.0,2.5
1151,383,M,5.375,3.141592653589793,-0.5,0.0,2.0
1152,384,A,3.75,0.0,0.0,0.0,1.5
1153,384,B,7.0,6.283185307179586,-1.0,1.0,0.5
1154,384,M,5.375,3.141592653589793,-0.5,0.5,1.0
1155,385,A,3.75,0.0,0.0,0.0,1.5
1156,385,B,7.0,6.283185307179586,-1.0,1.0,1.5
1157,385,M,5.375,3.141592653589793,-0.5,0.5,1.5
1158,386,A,3.75,0.0,0.0,0.0,1.5
1159,386,B,7.0,6.283185307179586,-1.0,1.0,2.5
1160,386,M,5.375,3.141592653589793,-0.5,0.5,2.0
1161,387,A,3.75,0.0,0.0,0.0,1.5
1162,387,B,7.0,6.283185307179586,0.0,-1.0,0.5
1163,387,M,5.375,3.141592653589793,0.0,-0.5,1.0
1164,388,A,3.75,0.0,0.0,0.0,1.5
1165,388,B,7.0,6.283185307179586,0.0,-1.0,1.5
1166,388,M,5.375,3.141592653589793,0.0,-0.5,1.5
1167,389,A,3.75,0.0,0.0,0.0,1.5
1168,389,B,7.0,6.283185307179586,0.0,-1.0,2.5
1169,389,M,5.375,3.141592653589793,0.0,-0.5,2.0
1170,390,A,3.75,0.0,0.0,0.0,1.5
1171,390,B,7.0,6.283185307179586,0.0,0.0,0.5
1172,390,M,5.375,3.141592653589793,0.0,0.0,1.0
1173,391,A,3.75,0.0,0.0,0.0,1.5
1174,391,B,7.0,6.283185307179586,0.0,0.0,1.5
1175,391,M,5.375,3.141592653589793,0.0,0.0,1.5
1176,392,A,3.75,0.0,0.0,0.0,1.5
1177,392,B,7.0,6.283185307179586,0.0,0.0,2.5
1178,392,M,5.375,3.141592653589793,0.0,0.0,2.0
1179,393,A,3.75,0.0,0.0,0.0,1.5
1180,393,B,7.0,6.283185307179586,0.0,1.0,0.5
1181,393,M,5.375,3.141592653589793,0.0,0.5,1.0
1182,394,A,3.75,0.0,0.0,0.0,1.5
1183,394,B,7.0,6.283185307179586,0.0,1.0,1.5
1184,394,M,5.375,3.141592653589793,0.0,0.5,1.5
1185,395,A,3.75,0.0,0.0,0.0,1.5
1186,395,B,7.0,6.283185307179586,0.0,1.0,2.5
1187,395,M,5.375,3.141592653589793,0.0,0.5,2.0
1188,396,A,3.75,0.0,0.0,0.0,1.5
1189,396,B,7.0,6.283185307179586,1.0,-1.0,0.5
1190,396,M,5.375,3.141592653589793,0.5,-0.5,1.0
1191,397,A,3.75,0.0,0.0,0.0,1.5
1192,397,B,7.0,6.283185307179586,1.0,-1.0,1.5
1193,397,M,5.375,3.141592653589793,0.5,-0.5,1.5
1194,398,A,3.75,0.0,0.0,0.0,1.5
1195,398,B,7.0,6.283185307179586,1.0,-1.0,2.5
1196,398,M,5.375,3.141592653589793,0.5,-0.5,2.0
1197,399,A,3.75,0.0,0.0,0.0,1.5
1198,399,B,7.0,6.283185307179586,1.0,0.0,0.5
1199,399,M,5.375,3.141592653589793,0.5,0.0,1.0
1200,400,A,3.75,0.0,0.0,0.0,1.5
1201,400,B,7.0,6.283185307179586,1.0,0.0,1.5
1202,400,M,5.375,3.141592653589793,0.5,0.0,1.5
1203,401,A,3.75,0.0,0.0,0.0,1.5
1204,401,B,7.0,6.283185307179586,1.0,0.0,2.5
1205,401,M,5.375,3.141592653589793,0.5,0.0,2.0
1206,402,A,3.75,0.0,0.0,0.0,1.5
1207,402,B,7.0,6.283185307179586,1.0,1.0,0.5
1208,402,M,5.375,3.141592653589793,0.5,0.5,1.0
1209,403,A,3.75,0.0,0.0,0.0,1.5
1210,403,B,7.0,6.283185307179586,1.0,1.0,1.5
1211,403,M,5.375,3.141592653589793,0.5,0.5,1.5
1212,404,A,3.75,0.0,0.0,0.0,1.5
1213,404,B,7.0,6.283185307179586,1.0,1.0,2.5
1214,404,M,5.375,3.141592653589793,0.5,0.5,2.0
