,index,length,rotation,curve_x,curve_y,beak_radius_start
0,0,2.7461053515629654,0.6488066879341539,0.1252557337588851,-0.014719402230034317,1.6716854704378694
1,1,2.707010935873216,-0.7475236527805555,0.06332983820272885,0.009321416469205614,1.5692269391982083
2,2,2.6265364713366974,-0.7550663441814774,0.08958210806966546,0.03212543109809576,1.6756221978063672
3,3,2.733300103562577,0.7498985685514354,0.0649987117014727,-0.009834538278991632,1.6501867016408367
4,4,2.7163733893056974,0.9603450100488506,0.07132669992626609,0.015190655071658694,1.5225369797503427
5,5,2.6781639674437105,-0.5912431307608486,0.13292870279500307,-0.00815831000917891,1.6051273343252974
6,6,2.803999406660649,0.8886833614932962,0.07824583225190848,-0.07900760428491817,1.4283276151750108
7,7,2.7976569368570052,-1.0844633122103566,0.036216020826931365,0.03142796982509336,1.3756202584961412
8,8,2.691163966612065,1.4197825262201285,0.23367138336919105,0.1567188036476548,1.7176000151440485
9,9,2.495183775392575,1.4509401668171489,0.18452075195577822,0.07509292611439898,1.579133258022534
10,10,2.69682368255417,-0.5527331864376283,0.07088110830738502,0.031144338821589526,1.6098430761341302
11,11,2.6777240869497514,-0.20972012688857045,0.07347338098124041,0.015464829420362931,1.562470282272498
12,12,2.7304573668511836,0.5374694287165346,0.0449194801846293,0.002523602615160386,1.5911359685308621
13,13,2.7253282589345638,0.7656847174564747,0.0633539877097977,0.011678119128507171,1.5841441678142367
14,14,2.7323432547560835,0.19921771589526655,0.07665788117952997,0.004647917726646775,1.555776690963197
15,15,2.7383058710975243,0.523375279515902,0.03648326881413636,-0.007960526279486799,1.4861760539093694
16,16,2.7726538307883164,0.5073374532492659,0.08298388430691306,-0.0035846930008358834,1.5236741670584275
17,17,2.7596052014132035,-0.563072528098401,0.07685071805319385,0.012588014058364766,1.5460753307709378
18,18,2.752674603479209,-0.5140123797950822,0.06404226504432821,0.010490011715303971,1.5627280792314946
19,0,3.080248300261675,0.6980987308734794,0.03122288267773281,-0.07998407018295738,1.8644099552318634
20,1,3.0851101257871174,0.9334811843041241,-0.03431365352539106,-0.11836097905161401,1.8664990570962454
21,2,3.092557872306335,0.8098442430976814,-0.03133303435113326,-0.09665793274377503,1.8175186112639388
22,3,2.8358404632607237,1.0701327483825844,0.04003811107464968,-0.09921022168417144,1.7271393952300116
23,4,2.7415142706354922,1.1655029307561364,0.07144479318896867,-0.14723084555478227,1.727171921036055
24,5,2.8799984894974937,1.245928065765709,0.025410685973289035,-0.16282288006434326,1.724667922960685
25,6,2.663782514028795,1.65665380549399,0.02873318068530361,-0.20120740761664058,1.7646314917260113
26,7,2.8959269615728602,0.8156377349257529,0.07383612498935889,-0.1563688753045988,1.8955811887898044
27,8,2.8551053575461016,1.4243674117626945,-0.0008508835231387374,-0.10887902204965749,1.9737515272007964
28,9,2.568396922469073,0.9374016671384153,0.033888954763828257,-0.23195899763738553,1.8235426253686775
29,10,3.037639937167898,0.8910297313215584,-0.0016966688766890253,-0.09445771744955,1.833797096794045
30,11,2.9976229062782904,0.9997682385302874,0.03126483454042404,-0.09780701233400482,1.8298032578680852
31,12,2.7672261085351884,1.124364192292272,0.05625440273940108,-0.11425509822776331,1.7184067971390897
32,13,2.873772649324474,1.1550340573901352,0.06469821097092815,-0.11852795817773554,1.7109540556448906
33,14,2.8733047119122275,1.2018089847604179,0.038816934682964,-0.13866244448385143,1.8062888689483825
34,15,2.8407109503646684,1.2834099841840025,0.029936987962232434,-0.12628247419657565,1.7981814530621647
35,16,2.8390966217937064,1.195180318135386,0.044666069702265776,-0.12302427523671458,1.815604076027027
36,17,2.8333793136619922,1.404238065430068,0.039652449142006455,-0.15637886779252333,1.8379350831100953
37,18,2.8138634132021405,1.2818881725807119,0.03304370761833871,-0.1303157231604361,1.8049548663271426
38,0,2.861279011494482,-1.2769291611170157,-0.008805254243618416,-0.17636824527688363,1.8623084684960207
39,1,2.8771021825664356,-1.1179692722650365,0.018795232748386,-0.2462241987687342,1.8806940761768933
40,2,2.8213934725917196,-1.1523862637165923,0.036297702786659086,-0.23704465780878983,1.925432833621363
41,3,3.0116858415347343,-0.25146945985087255,-0.0789744756080364,-0.25280553303348646,1.8206712543018546
42,4,2.860426734912556,-0.8195150799477412,-0.11280890044703164,-0.23839070102167803,1.826155412750435
43,5,2.952217485856138,-1.0196663917265572,-0.03851237127110506,-0.23198628080299122,1.9286657387651687
44,6,3.0689088960436814,1.2449805860367011,-0.01597076541025557,-0.27118839881178686,1.8808622463609284
45,7,3.0753907890029963,-1.732710727194262,-0.0231917874936379,-0.1814200018635384,1.9803400759867218
46,8,3.004851598491429,-1.2769510838637146,0.05638013633192937,-0.4427784473252646,2.239486810757388
47,9,2.835225609440989,1.2758048886742592,-0.11072475446465918,-0.3793009226477381,1.9560006619761545
48,10,2.893059623509773,-0.9868979016202125,0.000962116436967312,-0.24413166971526035,1.909464927992373
49,11,2.8766714305100165,-0.9518735573242512,-0.016407087787262895,-0.22153735047964523,1.92564357573461
50,12,2.9220856176879533,-0.24424244101615514,-0.06413136650405285,-0.2623641190094796,1.8234622377630296
51,13,2.876671780250926,-0.9393271513857552,-0.03136251643934234,-0.22777588966638995,1.8791765032114867
52,14,2.828664506906173,-0.978544598944142,-0.03797393660204886,-0.2359859679257952,1.9175509034278286
53,15,2.8902413323536127,-1.140126149323962,-0.03240670068579537,-0.2543654599752106,1.9699210050143539
54,16,2.8342820377056275,-1.0842808758382787,-0.025830222604636115,-0.2385225248680326,1.9520776785604297
55,17,2.780654706234715,-1.120087166051729,-0.04956762520702722,-0.2929760859167827,2.0461600410994096
56,18,2.7701607144670137,-1.0224949305309512,-0.04130635433918935,-0.24414673826398559,1.9738199740023767
57,0,3.153979175799247,-2.5462573384252774,0.018042945162916234,0.011483845898069923,1.5850470708070692
58,1,3.391503551115089,-2.5832899445317876,0.08554835743754528,-0.03975431777308575,1.6366336622694495
59,2,3.2112771600727044,-2.53221507722864,0.07004405610624688,-0.0699569542314537,1.5703417279001795
60,3,3.3528812309151146,-2.1395953495789413,0.06972267352160427,-0.09372633000531462,1.7171726840841612
61,4,3.2705878928911734,-2.012548088782739,0.06103788986378453,-0.11306190397548316,1.6881406466520459
62,5,3.0860589460544645,-2.2492519224241843,0.004738288900330033,-0.03474178100105088,1.5406055418163878
63,6,3.181418563463731,-2.405284005220171,-0.11808816795081238,-0.0460346628507021,1.6982089650920285
64,7,3.293544426480287,-2.677957303692862,0.06658898741818198,-0.05248984394112942,1.6277558962018615
65,8,3.4580004241088322,-1.9709485050414404,0.10996450060544151,-0.05262710103418197,1.7067871461938535
66,9,3.550278159931079,-2.2389111770222176,0.014590465152470727,-0.1542448199434162,1.56482198767731
67,10,3.2793224717413603,-2.640927559513513,0.07047708068735804,-0.06251194295144138,1.6252423705265586
68,11,3.2356659043658174,-2.417278108091929,0.05005094433735644,-0.043319047755278554,1.680395786054573
69,12,3.3309569772720957,-2.081869785735862,0.037909868895141384,-0.069901796372959,1.705039898044126
70,13,3.2951415980200123,-2.260136504373005,0.043302275441979655,-0.0650306227913769,1.671200514375966
71,14,3.2935432117722403,-2.3930201334055985,0.03240016498822676,-0.05492604807909654,1.6773229134531635
72,15,3.334409829840445,-2.4617830594964905,0.03154548875666709,-0.08744214906047083,1.6488730426394635
73,16,3.319386474044297,-2.4329659911900254,0.0371712371196941,-0.07408122213829182,1.6840389771391604
74,17,3.472623272187217,-2.4766095928010206,0.050171861607093464,-0.06813235273535158,1.5615549457884679
75,18,3.3337303830206646,-2.260824863324969,0.04180988467257789,-0.056776960612792984,1.5757558639720943
76,0,2.754563874863137,-1.328337645361491,0.15559452279656885,-0.01239041525270513,1.3066905157642157
77,1,2.647209214854395,-0.9636128876464995,0.15805831791691022,0.07942574434581018,1.3524978426926118
78,2,2.757366799345608,-1.1086612102734437,0.13712300328809673,-0.0028692527481334537,1.328979838797158
79,3,2.6410638167492477,-1.299882124719459,0.15756123535255898,0.07751459526787946,1.3549692327942886
80,4,2.5507391809522852,-1.4259739543325007,0.2054274801788419,0.02496147589280031,1.329985609885065
81,5,2.7197208160685467,-1.051308156114121,0.24135412401260964,0.031879676573734805,1.4218369563793025
82,6,2.68015115660673,-1.2441006787918873,0.25796609737081966,0.02281451057935431,1.378503319658472
83,7,2.5145678903508406,0.7627087297510806,0.11849348599940274,0.021844323586105944,1.3656527005469203
84,8,2.39898565281489,-0.8944260202417117,0.1891016751517225,0.24374688745968753,1.3002025133913508
85,9,2.668781069151469,0.9706838640767669,0.14287208931024883,0.03052195515944408,1.2702408033531944
86,10,2.6994138324871266,-0.947277250769798,0.14209860371318936,0.030901334321393706,1.3806996957593045
87,11,2.645599027113683,-1.1318162983875921,0.1616956950406829,0.046857249479184473,1.3863259500330951
88,12,2.534645084843212,-1.2787163729146642,0.18114373279915794,0.04046920086562088,1.3639337667450593
89,13,2.6291108304168147,-1.2782343981029827,0.19898484856558976,0.024951763916459684,1.4229528736863315
90,14,2.663847222040895,-1.168365227242848,0.19138106672060992,0.027152937822020717,1.3813796936352563
91,15,2.558508413812842,0.17728883643837662,0.17567792993359826,0.043961952533450546,1.3645618312807404
92,16,2.546492238567252,-0.7738340138859959,0.16934502960416023,0.03375101929949771,1.4059253640360365
93,17,2.51377362830998,-0.6475496132203811,0.19964687896694364,0.07909772997987059,1.3539582299606168
94,18,2.546757253793036,-0.5911290761344381,0.1663723991391197,0.0659147749832255,1.3991435095867215
95,0,2.425723028848693,-1.9627390098371746,-0.07745152963624266,0.03807646070698223,1.8180568263099328
96,1,2.303029383378642,-1.9457436514959259,-0.08323555578103344,0.021745823718484263,1.7646512955051092
97,2,2.2879963606763947,-1.9524231147940885,-0.11730801442509081,0.06218208254870527,1.797114820472625
98,3,2.426965931957817,-1.8005998404836339,-0.06813214798138491,-0.004269349867155877,1.9332171080286538
99,4,2.4151420663430985,-1.80654159777795,-0.07061707995946685,0.025214434915135347,1.8850826664849483
100,5,2.4766125780135697,-1.4175177979284792,-0.08932246966019325,0.0298439143138255,2.0112340901886068
101,6,2.403745079412927,-1.2746096807952954,-0.02560428743783459,0.234923771171939,1.99146977328956
102,7,2.678284273056167,-2.1865140188506795,-0.015414559554391145,0.023081455219041813,1.8785130055099557
103,8,2.4754267529272447,-1.7631362401687718,-0.18887777770991954,0.03177962666660098,1.851252396975864
104,9,2.711201560982377,-1.4254544328421763,-0.18962873004740757,0.07222373812086164,1.7301156460310207
105,10,2.3481930255130186,-1.825242394768662,-0.09165817853028156,0.04284263697004097,1.8101227647065032
106,11,2.366873565681996,-1.7014635579355075,-0.06455400360618677,0.0383469223208431,1.850732797727223
107,12,2.434372753666668,-1.8273238237976728,-0.07019261075112106,0.01303010505848053,1.8988906546384225
108,13,2.39430265435051,-1.6376516749468664,-0.06505800822381118,0.032645052179360784,1.9054781113460801
109,14,2.4287052310277604,-1.7038938924116116,-0.0637962887853054,0.044433677340012884,1.8899307678673236
110,15,2.5280704934876916,-1.8338776908733831,-0.0596970734251322,0.08901982100122621,1.9162266443400924
111,16,2.5143164704041765,-1.6940412980416926,-0.04053176931641042,0.05701943922124398,1.9084670231320764
112,17,2.468888943437315,-1.7828237684941122,-0.029803394651429827,0.050453428567862585,1.8895252062707335
113,18,2.5088057860538773,-1.6274879388973331,-0.024836162209524854,0.04204452380655215,1.8470774870282058
114,0,3.2389292319329632,2.045191023767383,-0.13811140126695973,-0.04839535999822629,1.9531058851165304
115,1,3.075590665505371,2.0394170813753174,-0.16146248880619368,-0.012793341086916153,1.8921473739266859
116,2,3.203748056241379,1.9774962615724103,-0.19119640756434608,-0.007466277431840111,1.989452615307719
117,3,2.955027130202011,2.0303267335654245,-0.21323357354840908,0.023229358689558794,1.8181629100566319
118,4,3.0646568158006735,1.8420329061027338,-0.19639594873378668,0.025336819590052153,1.8314645380041308
119,5,3.2491040150564476,2.0202815700732955,-0.16480630465834128,0.055024725971060715,1.7476125290417017
120,6,2.8421251013493327,1.7073756325642568,-0.20476340353114914,-0.028580145751304423,1.855797925653059
121,7,3.265614003661498,2.147026460068625,-0.25671858264004144,-0.0013318496294181497,1.6664813231501299
122,8,3.547297207384456,2.006530915708362,-0.25014036085406793,-0.008652180355020397,1.656228179025023
123,9,2.8788546554943975,2.7325058165536475,-0.33549214291399293,-0.025859789255333082,1.921641004575306
124,10,3.1689834089693747,2.0796229377241016,-0.18511170208432076,0.00037348367358329415,1.9396388256118633
125,11,3.2024915994765424,2.10114983997755,-0.171501598178889,-0.011579753970053222,1.9382472754850453
126,12,3.0193877917631924,2.0364083746018635,-0.20502880035479376,0.021276926761777927,1.8514750321683724
127,13,3.1257322529047866,2.001231547544019,-0.18778503889825635,-0.00289021433124242,1.8369226747961194
128,14,3.1828767922281633,2.081214452852419,-0.18941110002413702,-0.008518831061405259,1.8966164420749372
129,15,3.114065682102183,1.8398248505796198,-0.24231940611871003,-0.00040566939035926487,1.823565005727921
130,16,3.1029535375465485,1.9530742334587459,-0.2253868267939446,-0.007997354310513845,1.8448487273607443
131,17,3.084451638105288,2.064843851035904,-0.30639502061484164,-0.01655580736540897,1.8619909697529835
132,18,3.0201653315923505,1.8849359691071699,-0.25532918384570136,-0.013796506137840808,1.8246203553075167
133,0,2.506859431218114,-0.3412547255387511,-0.047075426326045014,-0.106459402783674,1.589904865250849
134,1,2.557121573275777,-0.49164870649254205,-0.00459259871369945,-0.16719193138787805,1.5393664221873509
135,2,2.614912973732372,-0.5011303855672465,-0.01901589794140394,-0.16978043049650743,1.5932679002063488
136,3,2.6288878786438827,-1.3467904637641273,-0.0551479806907896,-0.1344182392877601,1.5634175615909227
137,4,2.5849312426547177,-0.8107842442820606,-0.022980143242659613,-0.15894305662404343,1.5005639780702484
138,5,2.6260662177991128,-0.6171051908051999,-0.030019989025776288,-0.17899026298034248,1.4863086449261849
139,6,2.804040860463003,0.8273352011975804,0.04153365800488657,-0.031201319641548972,1.4933152554750302
140,7,2.8174226354221266,-0.8214878959585032,0.005969778081114697,-0.08291130012070698,1.537582625652116
141,8,2.4021785244625065,1.4463756741783529,-0.023348220587739606,-0.15818865217945063,1.8321182836645895
142,9,2.742814957721711,0.9050089109110622,-0.1309010087568816,-0.10077980222071226,1.7404529222862102
143,10,2.579105773171883,-0.34676547586214235,-0.011644380059404758,-0.16477652248614894,1.5454522750427295
144,11,2.621098311553072,-0.3274715457435803,-0.02933217740706824,-0.1531045138312829,1.548908735180742
145,12,2.595094230984165,-1.008403014481906,-0.045884583391742256,-0.13247250077435832,1.5246027283827595
146,13,2.6048144580947037,-0.10086007777108867,-0.03511072547480952,-0.13150248186633687,1.5211516164953787
147,14,2.7025510171786715,0.28959229468665504,-0.009761795845935447,-0.1369277690427709,1.5163902405275391
148,15,2.691468418718159,0.8742449995967604,0.0014988043548268904,-0.11751267514091811,1.5550977214567219
149,16,2.6652292707985543,0.7883841170748656,-0.0006094806251310814,-0.09890331424675401,1.556007776487669
150,17,2.718683126499948,0.846752791563351,-0.03289654264346611,-0.10687102065087291,1.5611761910308064
151,18,2.7186162393792457,0.7729761154246229,-0.027413785536221758,-0.08905918387572742,1.5754373582115098
152,0,2.3120976361500607,-1.9824114096999492,-0.1271505101752207,0.011114328395559397,1.297867916296769
153,1,2.450427235002413,-1.7818222242121917,-0.08312188311637805,-0.062441747716018126,1.3389022132107304
154,2,2.3609200009360243,-1.648715638150673,-0.09726354527031231,-0.06560558009537343,1.238911782441909
155,3,2.373778292960803,-1.8037356280032022,-0.11204309490612174,-0.023128242671302805,1.3694754975789394
156,4,2.2936835977587866,-1.7814520873285313,-0.12623540580194045,-0.04937359976785239,1.3812296776746682
157,5,2.325727304055763,-1.8882783893220632,-0.07845375426107687,-0.03877071155163186,1.4314614872980806
158,6,2.315644734520511,-1.518411622143122,0.05124311534015,0.06123518417285449,1.3187265813002822
159,7,2.15913729121096,-1.7294852941351186,-0.1700792566977049,-0.0579302385757403,1.5082053468733598
160,8,2.201897202429334,-1.3463542772165003,-0.084208807390448,-0.11677397755306876,1.2336157787233961
161,9,2.4263852780870674,-2.124800503912819,-0.2841870042478417,-0.149209629677725,1.2492015934146194
162,10,2.335904350073678,-1.8294852149029868,-0.10833246086851869,-0.052915476733251976,1.2910817073923255
163,11,2.2645444336970484,-1.9924339266234299,-0.09107782252629117,-0.0036130604277048693,1.323373363407406
164,12,2.309553588264431,-1.7412990457350115,-0.11784785779698292,-0.06188747736253826,1.3760752861571395
165,13,2.3206543910396,-1.723369287725862,-0.12222729189854731,-0.025559564133445442,1.334005566710946
166,14,2.3038979265630086,-1.7530675425336992,-0.08943833264959435,-0.032762668778193164,1.3371708478306865
167,15,2.3111490347205663,-1.754248610973858,-0.10104278737902095,0.014084854751420576,1.327788950946618
168,16,2.2759451489802407,-1.748192288508562,-0.11823866715789914,-0.016024768376256295,1.3452596013871627
169,17,2.2065010645326013,-1.7910727801054644,-0.16333280502779846,-0.042194055753409176,1.2491835906285806
170,18,2.284559804718765,-1.635018222027591,-0.13611067085649872,-0.03516171312784098,1.3083173448965157
171,0,2.733671268765252,-0.957967857711391,-0.18060281751325663,0.05391420563736511,1.8384861942307313
172,1,2.60254979935204,-0.6783921719077455,-0.14806048041711428,0.04431595381891156,1.7921611033294897
173,2,2.5637776949771705,0.41126666430464753,-0.1886406650112759,0.03418979595103445,1.8342761466635051
174,3,2.4612334358551484,0.9935909018913618,-0.21324637612357975,0.09476677584141958,1.7915115596415994
175,4,2.436015118501273,0.6603386402134399,-0.18623755688858687,0.11045079209932263,1.8498305325838666
176,5,2.5123969869355207,0.8871374724855247,-0.22182973683194782,0.18993680518399408,1.8855127633929298
177,6,2.3372277785314886,1.5459947514087737,-0.22024745360616904,0.10269033053302781,1.7804004900549721
178,7,2.3435327170423315,1.4149491160889265,-0.17765441992880557,0.05069550736279363,1.7598129881343816
179,8,2.4252181436435256,-0.7853292917996824,-0.04831086921961453,-0.015552568915396914,1.7344431242897278
180,9,2.474182194211882,1.5055973250837034,-0.2134119182533506,0.017768808824489682,1.750011277848822
181,10,2.5553522904637265,-0.1185721717322346,-0.1593189394888938,0.03754836917880545,1.8078543836488867
182,11,2.5272317463935727,-0.15075744329563157,-0.16950786941227286,0.03572231267024093,1.820694277123004
183,12,2.4609567558680134,0.8908666086394297,-0.18104735201653757,0.1098144575061556,1.8279422176296505
184,13,2.479984899540178,0.6850578521626773,-0.16321991529336694,0.09446231199108748,1.8712668680202975
185,14,2.4998224188245812,0.6284287461417447,-0.13276650723390343,0.047597664356913,1.8747891271991108
186,15,2.3869419737753788,1.1054702646314807,-0.16156853606638635,0.10816999486147744,1.8471087337360803
187,16,2.4859728859749084,0.8111073371507176,-0.16061589132253967,0.057723446646488735,1.8168372323358504
188,17,2.468620685360847,0.7634400939101935,-0.198761451245068,0.07873258530679993,1.8912053227774248
189,18,2.508578621283307,0.696922387470803,-0.16563454270422331,0.06561048775566661,1.8484460299016976
190,0,2.543618538709802,-0.9182800387629934,-0.1548100513383147,-0.012956784281317343,1.6479622875144515
191,1,2.439536169666274,-1.2030321548133585,-0.0916336464700608,0.02856225840843476,1.5697534198636425
192,2,2.3810178966618114,-1.2969498823205445,-0.10722191466158457,0.04774818379643937,1.5855703889896433
193,3,2.2898805174397308,-1.3530474817435116,-0.09987910815179207,0.07669557098102028,1.6097244703392177
194,4,2.1614935227921137,-1.3130197757190247,-0.10063044262583168,0.04711537783159705,1.6435887867660033
195,5,2.247751231445521,-1.5091949131513058,-0.11795974214723967,0.07262147730987745,1.5129272597154904
196,6,2.107594747088952,-1.7238089114055226,-0.09337010228615457,0.05012347112838031,1.5019655913599452
197,7,2.219693361760514,-0.9056351804693688,-0.0885878829598553,0.011633100438406516,1.6194309733793382
198,8,2.6112133845025594,-1.2021346710733478,-0.20103410174614908,0.08050742000323642,1.5825088353737806
199,9,2.2579354525460316,-1.7087583242681248,-0.03245931208999804,0.07240131829153472,1.5388056979170979
200,10,2.448782522812776,-1.2864881263839345,-0.08913726453747772,0.04124258277278575,1.6016713657043309
201,11,2.374400273937537,-1.3147338570169094,-0.09466394076170981,0.029140633029962747,1.6099112700858889
202,12,2.2533252377812483,-1.2669137542013356,-0.09299007999624238,0.06529498698157017,1.6236022313860756
203,13,2.3391765210134903,-1.1982198532238937,-0.11326801599220235,0.045620680091676545,1.603271840045022
204,14,2.3857321669416334,-0.9952633643440487,-0.09805549534346553,0.03266018831494744,1.6074403488882125
205,15,2.403911423401316,-1.1994819277933206,-0.06789889189817552,0.03517365660267228,1.5631157133413176
206,16,2.4404826231615826,-1.054908172386177,-0.0610217947422903,0.03620125847841095,1.5938086911951197
207,17,2.3811876745002682,-1.3191126322595261,-0.0938166308781668,0.032037102767327096,1.6002667153824282
208,18,2.4343168313444434,-1.2041795050941864,-0.07818052573180567,0.026697585639439247,1.6082424344031303
209,0,2.601509906272991,1.7152040494034406,0.050059628372982994,-0.021686678428645623,1.6852101034349016
210,1,2.7018730926446737,1.9760267639974376,0.09805105073640263,-0.02424906215955315,1.6017267889164077
211,2,2.8573713090547237,1.665045278203821,0.14094844683774443,-0.0262866013039805,1.5576335506770798
212,3,2.691691861709685,1.651205741566715,0.09777530887577052,-0.06977016993818588,1.5441777578078841
213,4,2.5880913567319053,1.6504054862012696,0.09923654559968388,-0.07255966060647323,1.4901245688768432
214,5,2.6503988267363225,1.8156697910186075,0.10763737141329573,-0.053289669704761414,1.5254321912652908
215,6,2.5709713327444423,1.9093269362490795,0.1711249981551707,-0.14488743666175094,1.5628270421326032
216,7,3.026301941663992,1.9736065878434288,0.17260097687329595,-0.014721896546714235,1.6209538227148617
217,8,2.552440027563879,0.699264858813415,0.1570812938460716,-0.01901251221487818,1.4995131011021132
218,9,2.806435520144531,1.9129736752722093,0.23487155090346462,-0.1640033115189477,1.508799986936397
219,10,2.7568220059953297,1.8443986355028912,0.12328581060529405,-0.03558797147424813,1.5605603109038053
220,11,2.773413248101754,1.7843596059865763,0.10242830107363497,-0.03144884275008165,1.5861587951878615
221,12,2.6338480399618294,1.5761978332719202,0.10133580937015725,-0.08240931308005808,1.5057580662052508
222,13,2.6770808965736155,1.634453619154791,0.12519985891880248,-0.0525600353987974,1.504655116282478
223,14,2.724088280139663,1.810301641898596,0.11730022166381188,-0.039148718925039815,1.5635682126312556
224,15,2.7848738283757353,1.7055244822594777,0.13495838814316383,-0.03882432203317243,1.5306226012738509
225,16,2.6989737087069376,1.7167954518953932,0.1213508190776809,-0.03609299535363587,1.5422718442787373
226,17,2.729458211212812,1.8064869489547684,0.1469665294303119,-0.061236849214520106,1.5908105379965223
227,18,2.7275922947071516,1.6490894701682877,0.12247210785859325,-0.05103070767876675,1.6003191032464619
228,0,2.6041277308271207,1.1656267942609122,0.0740201581402778,0.06593344052138286,1.8790035357872457
229,1,2.8165851778681743,1.520887291432028,0.05699312235160547,0.05962515968429814,2.103948244415097
230,2,2.792256046489242,1.5058800258706235,0.023234248673378775,0.020415525215501162,2.079950097836913
231,3,2.733716713869603,1.3674469655248078,0.04123275564831172,0.09554185373953039,1.963357577962739
232,4,2.702952792651285,1.4471212630633348,0.051677839123286384,0.051387430440954826,1.844872371740909
233,5,2.804726939129635,1.4353226907129846,0.08090941905959809,0.030460244342125013,1.8586938876951544
234,6,2.9214365636001314,1.8261195349181942,0.079457975050849,0.13898967419019173,2.2232862053679443
235,7,2.5907841151193667,1.60206760176485,0.06830262691281126,0.0405350824197598,2.0909011296546103
236,8,2.8525136292144038,1.3729674995112924,-0.06543238924746085,0.05906249513760353,2.0925210450532883
237,9,2.8063950573072782,1.262077985737259,0.16523937817371168,0.07657069428046621,2.0996341268648244
238,10,2.779391334461519,1.4221816940442649,0.04513828252952555,0.0439416855047726,2.0701459981781287
239,11,2.793192451353723,1.3949976482630329,0.05581376844802424,0.04206656191870327,1.996159927242213
240,12,2.751056340655275,1.3946805404654372,0.042216772308320286,0.08211460480678968,1.9156928793055956
241,13,2.783952693767343,1.4347417747436462,0.056785126851989345,0.06678804908788168,1.9778316151574198
242,14,2.7475619282758554,1.4819733556183703,0.06673256756190646,0.06908350475601907,2.001926848321195
243,15,2.6505500948952725,1.4282357728207709,0.009530204613212821,0.07318188732360502,1.941991572797508
244,16,2.651713829732519,1.357020779567968,0.04774557789674577,0.07024060400603846,1.9775385117526034
245,17,2.7160558869456546,1.584533023174893,0.08899061055461795,0.08687478499799887,2.0022131560926617
246,18,2.7164267505759745,1.446474190785928,0.07415884212884828,0.07239565416499906,1.9384285563571055
247,0,3.259392463340775,-2.509891456984517,0.045540849949021835,-0.03363400928522252,1.8561213288034264
248,1,3.4264348977277566,-2.4272574759748733,0.01551559909790233,0.010883206563204805,1.9395052587916675
249,2,3.4445939929760625,-2.258182351369333,0.05013370829132692,-0.024541486855412794,1.9070217625275796
250,3,3.3626190510016483,-2.4390602881818206,0.16070794794852056,0.025209039121415516,1.891690103103326
251,4,3.5258173750779958,-2.3571523995418375,0.07069501216513084,0.012284361203297758,1.878943761190927
252,5,3.266048046841967,-2.2174508923247753,0.07428870958642153,0.03518417728857212,1.9628820860424476
253,6,3.49586047279794,-2.269446522315974,0.1898954292008,-0.010641087277743478,1.8916908449500343
254,7,3.309589301671497,-2.192756656580445,0.08394100469633199,0.0727412730812077,2.008763221197364
255,8,3.511906898127243,-2.636691663378865,0.06073326773945469,0.05119454596314363,2.1623310559894455
256,9,3.013857658387871,-2.870080736123964,0.056181406861680536,0.06781768413832258,1.968094827574144
257,10,3.396785654183615,-2.264300382858187,0.0477200857181128,-0.010808004613831714,1.9070791444185133
258,11,3.326122083085401,-2.3416643658539296,0.05296271497740961,0.014112082332425547,1.881544313464655
259,12,3.4448155904081945,-2.4053914504900673,0.12435708327446796,0.031357010196733766,1.9197204556339718
260,13,3.344292311074405,-2.3250502406285163,0.0991847204146877,0.06096548274857756,1.9065872277041398
261,14,3.256032912630664,-2.3606873700195026,0.06030546492218938,0.03022328322601428,1.8944885038309758
262,15,3.3168992252911553,-2.3597659020171764,0.09149519627415634,0.011027947439951422,1.9300019643653192
263,16,3.2883576348287504,-2.329325947428053,0.09644127271392003,-0.0033608661237551343,1.9030059231554994
264,17,3.3845155762777455,-2.7180867507265623,0.11496767703706164,0.008356467319313379,1.931293533256165
265,18,3.2630934483869143,-2.4812623441297106,0.0958063975308847,0.0069637227660944824,1.881040351831435
266,0,2.8773154937405083,-1.7918552867488764,-0.1704983615674218,-0.26159058902994176,1.507227435263514
267,1,3.1765213809206037,-1.2977140879622613,-0.15098490534078512,-0.37832851282309066,1.55175207783194
268,2,3.1198955086523665,-1.3504450869177884,-0.16019714521358874,-0.32164776080041446,1.5448256920987011
269,3,3.1903798908163603,-1.42225428439161,-0.17979467498324234,-0.29964785346400946,1.497382729465491
270,4,3.1137375709238397,-1.412910059307171,-0.18916011748477038,-0.30449406019942304,1.5474996980342495
271,5,2.9553265082960825,-1.7457012203622266,-0.10941999272028606,-0.2956847455127337,1.5418509004714565
272,6,3.259836380214511,-1.3345845860710077,-0.23110019375764856,-0.27962407819793866,1.6022823267219999
273,7,2.936609450204439,-1.4323921788369411,-0.1180967851728575,-0.15190681416075844,1.5031808338583812
274,8,2.829404729084609,-1.302211128600867,-0.07422055586726481,-0.2959028017998132,1.721243528896389
275,9,2.8845746901726588,-0.4078132662199332,-0.12049473237287525,-0.4390720794113406,1.6216830005214957
276,10,3.1042144325423817,-1.4732304940278327,-0.14332344555097035,-0.33830970803623606,1.5625895848517541
277,11,3.041972176880753,-1.4693429769929771,-0.16038527986454224,-0.31600858669976345,1.5127906965166829
278,12,3.107174909263498,-1.3544388157214768,-0.1784215294247349,-0.2952822914996166,1.5355970948442106
279,13,3.097737042942135,-1.4373376958910504,-0.14522959341477765,-0.3071073970974317,1.5564223587489663
280,14,2.9945380962948076,-1.4664481256256034,-0.14042162306906605,-0.3145659668384402,1.5435696542756998
281,15,3.1504642987345735,-1.515414658841697,-0.13964109149739684,-0.21724067654849344,1.5600982786902526
282,16,2.9877007284983677,-1.3948900628113117,-0.14711215274115422,-0.2720322929108172,1.5636672546090744
283,17,2.9548927991145155,-1.533211337050752,-0.18881883995372484,-0.35099646862090383,1.5802959511772745
284,18,2.914073635468914,-1.3996239983357897,-0.15734903329477068,-0.29249705718408653,1.5914997070076151
285,0,2.68269636353079,-1.1130970056417688,0.12273489243413803,0.04096123979405589,1.79220945192031
286,1,2.4004631114308426,-1.2145497467627309,0.09149724937992351,-0.06025609748757718,1.8226395127572097
287,2,2.467249911312088,-1.3963280001082363,0.0815444946254224,-0.02693566652625418,1.7713268512023348
288,3,2.3503870652094205,-1.8654266452138364,0.0780181335683638,-0.07171761626871959,1.8040208546328333
289,4,2.40175437806702,-1.4764906710641363,0.08691116447105753,-0.0763766720673094,1.7528999681816513
290,5,2.3931436890339364,-1.666308875899874,0.14208672916007373,-0.007731630709994837,1.7978592682648855
291,6,2.5759763951345827,-1.1848537170215132,-0.020842114561699196,-0.07487187903247082,1.7652470456441485
292,7,2.5786492762066917,-1.4580328566489045,-0.012352919194072318,-0.01661569678014157,1.94517550804543
293,8,2.6502417086809893,-1.3288669375494682,0.12715417729713474,0.009635135221615326,1.6119364369968143
294,9,2.01365845416093,-2.2036257160243773,0.030599112821420336,-0.050036682332108305,1.6599792503361028
295,10,2.433709391744039,-1.3853318777196704,0.10664023806300794,-0.032719874039440155,1.7940548160084717
296,11,2.4985266774630115,-1.5894689399110378,0.09149395699145553,-0.0427225740992674,1.8178786932400872
297,12,2.358840508730732,-1.682401759799031,0.08078404480415227,-0.04626432913718115,1.7756483668821632
298,13,2.3879523045504802,-1.6916220800728932,0.09704361180455848,-0.03781766178181177,1.8584719360632993
299,14,2.4618777703570522,-1.4957838685691311,0.09294786226923872,-0.051637233457762936,1.805591968670834
300,15,2.4293723917971817,-1.6328204923357967,0.06376486726240749,-0.06002207736734182,1.8240032662507646
301,16,2.3942240004122306,-1.565409527235376,0.05973511145788184,-0.0643216357408997,1.8120219480717406
302,17,2.289412506464703,-1.4992376459945618,0.047272602816045714,-0.06289039534823974,1.7560622501253895
303,18,2.3558761528699446,-1.368610402064601,0.0393938356800381,-0.05240866279019979,1.7376986458207866
304,0,2.631261511529397,0.8094982449376503,0.15442122139588413,0.09304115040303182,1.9873674977596862
305,1,2.5926118036855295,1.2486975129894586,0.09071934206341241,0.11925058038982292,1.9624998138961975
306,2,2.508883002531688,1.480378236710488,0.13408655838264086,0.1027269090805428,1.8903129114219313
307,3,2.4864309001650207,1.4299314373166283,0.08500061202876771,0.09355531457610933,1.9937429324316616
308,4,2.453498600866955,1.4241968918981853,0.04602984370871757,0.04902161123996448,1.9550130219772976
309,5,2.7311361949457527,1.3123078464898754,0.07797046750861433,0.12146539896667709,1.9136694463140127
310,6,2.632322384843301,0.9273059205544514,0.07136673026866859,0.1418243330411095,1.8515342333398284
311,7,2.532840737088788,1.412429602689333,0.054243348260571506,-0.012854910959829824,1.8560125399745009
312,8,2.5635162809895142,1.6075063110791328,0.2540135933136377,0.21732538262875212,1.994935149646533
313,9,2.637322081078152,1.2976987755201728,0.14596775114177823,0.1293890707447402,2.2199536807147653
314,10,2.616152689378665,1.28183462523744,0.11857207371228314,0.09456702178134267,1.927850910638397
315,11,2.6326669003290526,1.188991467577167,0.10058651126829975,0.0674014512131921,1.904620831366691
316,12,2.4780220036413443,1.436702908798689,0.06523560195243605,0.05582388618348622,1.9323645248627423
317,13,2.4946227471254114,1.3052669607300271,0.09093762834646932,0.03998579455454393,1.9988726247943684
318,14,2.5709377502073956,1.2717263154895064,0.09310546284577814,0.037240346034045343,1.9888102560304317
319,15,2.5486073924084724,1.0550682246588492,0.09278155829085222,0.09700020570868634,1.9721345050378896
320,16,2.541676347317982,1.2162396352449398,0.09661097868523102,0.07459520419372813,1.949762221526856
321,17,2.5310472660973393,1.230398866143661,0.12472249478685091,0.12371060934462581,2.050618657660955
322,18,2.5613324982818435,1.1231954303858576,0.10393541232237576,0.10309217445385484,1.977403479024799
323,0,2.8000591749821093,1.2426851001756938,-0.03234605983593539,-0.08854003111553307,1.3941874408702892
324,1,3.0758637446822155,1.0034929326010542,-0.05987846172094915,-0.13122168055449146,1.386575628070638
325,2,3.037708315919548,0.7811549553071218,-0.035769296471175896,-0.14546393813181233,1.3492442790109695
326,3,2.9935152061101142,0.9442662034487913,-0.0749500423324241,-0.11432290378124693,1.2739431837743318
327,4,3.0662635179157127,0.5456031677121701,-0.06463580277654757,-0.19095729953992785,1.3498647776032378
328,5,3.1542104813232257,0.3594204718582755,-0.10866174494494096,-0.1166471605191956,1.387843366099874
329,6,2.9355064267471955,1.4028011049766762,-0.16473684371370212,-0.18736036932195194,1.3688384254869836
330,7,2.7707408135650473,1.4474854206377465,-0.1591466382109879,-0.1471890509010548,1.3714081530061517
331,8,2.90625210282375,-1.1456957531863188,-0.14085530827115306,-0.10738574568701775,1.226909746636523
332,9,3.2013027818178736,-1.7562550504409933,-0.07361465745632674,-0.13819575740822407,1.3737489033421857
333,10,2.941789005912568,0.9843941930532469,-0.03345698686104207,-0.14415288671351734,1.3669597259600919
334,11,2.931575149938739,1.0563029038199991,-0.03510429135308634,-0.12135345752625717,1.3550304779510258
335,12,3.0611557642159286,0.6328021994024478,-0.04864887361511754,-0.17239453952070388,1.3190069963566922
336,13,3.0740402797889947,1.146474731596975,-0.08917122431355308,-0.12889499204332774,1.3750774201328866
337,14,3.0073585062907466,0.9433108334160188,-0.07102454148569176,-0.11664515647445543,1.365670468887011
338,15,2.900732684341365,0.8501149038325849,-0.11197718284224115,-0.09327109365583416,1.3789361756676517
339,16,3.035872951027942,0.5938322267170371,-0.07144027072404062,-0.1304635758269211,1.362744869925263
340,17,3.1023239577401367,0.9012414015960578,-0.06479658183042042,-0.15122902282229195,1.313434480938647
341,18,3.0347414922566314,0.8227171769766057,-0.053997151525350354,-0.1260241856852433,1.3641586609703478
342,0,2.7010364163998277,-1.4236445600385625,-0.002049666000359676,-0.0002503827423837035,2.1802832635345677
343,1,2.664756747192356,-1.5288853581349597,0.105896574474905,-0.04455311232571732,2.1076244935577133
344,2,2.6903430070752568,-1.58700182887343,0.11293035070599838,-0.06315452483775844,2.0852479956667227
345,3,2.675234814657226,-1.3130702323030308,0.07104895697323736,-0.08861776139298214,2.2108190190078183
346,4,2.6778804069324624,-1.5770238508760173,0.09717466922307869,-0.11475352362439242,2.1677492804880507
347,5,2.7231970172420668,-1.6898891093485486,0.031220585442144056,-0.1199105102118625,2.1081354112365744
348,6,2.700578322155336,-1.7045714006710613,0.05486244973046955,-0.11311471628872982,1.9079410235968999
349,7,2.5835010416270943,-1.4112609545196064,0.14901754387528343,-0.1753310133687015,2.6089064779178415
350,8,2.872476923820341,-2.4290532517258865,-0.03226972693133265,-0.17475979795160884,2.0148059862207757
351,9,2.5799465958003376,-1.7005789878887285,0.13861283486240633,-0.1510654124660124,1.9788654821452438
352,10,2.670956843451203,-1.4581986679406294,0.10158686389693924,-0.04983550233570654,2.1345447068550856
353,11,2.670629094429684,-1.3967587298077802,0.06445886876954963,-0.06061586579195224,2.184051346128045
354,12,2.6766059992782583,-1.4045182753945185,0.0668375794761778,-0.08924398157034119,2.1894569678561373
355,13,2.679890065404523,-1.4024166318468456,0.052908369370744154,-0.0760719197898958,2.159168291560396
356,14,2.6788396281255036,-1.4047780553169291,0.06827669933174343,-0.07859950756237773,2.1510802748676756
357,15,2.6033080074237653,-1.4063670312403458,0.08914949300226523,-0.08414069873100567,2.181286652143565
358,16,2.6518254189014856,-1.5504508115429778,0.07879468041830164,-0.07854967802963364,2.1341553471136883
359,17,2.580851025362517,-1.6468853185747376,0.08086123895135758,-0.13293775179298314,2.0994383781204626
360,18,2.603263888422712,-1.5033936755822959,0.06738436579279798,-0.11078145982748595,2.016556912437907
361,0,2.6514212197327773,-0.9642800668868823,0.021553483449851488,-0.026023898390270313,1.8598606306175338
362,1,2.638589394045496,0.567768556408351,0.028823517569202962,-0.10431185913851977,1.7175061406757053
363,2,2.6407723427151826,0.8381176347585931,-0.021775530700869947,-0.07480323163334979,1.8596803882457975
364,3,2.590757082374316,1.4299900985873968,-0.01693192898698852,-0.05123330769820058,1.8164940094680069
365,4,2.477387953007727,1.4128594372202214,0.008012899443893606,-0.1328549214173643,1.7411224184344936
366,5,2.586489229038276,1.7657669577185102,0.03444894631695216,-0.04179080575553343,1.7449135924195245
367,6,2.5721063043758705,1.9669903999448588,0.05322392377400171,-0.09009572285110995,1.7671259247168214
368,7,2.5452247657458535,-0.6070243463210433,0.07056739544786261,-0.06407572149435356,1.8367188185568089
369,8,2.6859271238185234,1.4436907557710525,0.17366032357827754,0.036701778493805695,1.9467035453209185
370,9,2.609845618820859,2.0750256203976,-0.0671573654861044,0.013242430495631521,1.7759869719554893
371,10,2.590796097303151,0.868051027186386,0.006049270498017576,-0.09101339971799699,1.794693900875867
372,11,2.6176802436358324,1.1128278682991009,0.01703124047369521,-0.06650401470425366,1.7841895244619144
373,12,2.5393870748878307,1.2719092082432248,-0.004114385347529637,-0.09630258204323706,1.766276574409768
374,13,2.5484838423085012,1.496354660964847,0.012529857596082218,-0.06010434203266292,1.7766771037682272
375,14,2.5858020526794663,1.3239056368421436,0.010589515274180828,-0.042850675224083846,1.7900378739071632
376,15,2.5059090347476176,1.561057250037596,0.03718770706403365,-0.062110170740579694,1.851542183070294
377,16,2.5446586949890775,1.4918284882559953,0.03034915359375011,-0.049187308932629306,1.778901240686075
378,17,2.600222524421556,1.5446002268798587,0.04990289767755843,-0.07417964504596879,1.7872120580209345
379,18,2.6195368388152658,1.4100207034169483,0.04158574806463202,-0.06181637087164065,1.763347656868592
380,0,2.2912650372530052,1.0570845417791914,0.11932901921649014,-0.008696363343812345,1.7355806291344549
381,1,2.5977825276330755,1.633006113778388,0.11483331001232222,-0.06987427661475529,1.6115918444412938
382,2,2.522791684386891,1.5708280845647675,0.10512891675491165,-0.057701613561236126,1.6684367061342582
383,3,2.4086412585633705,1.5033979318616066,0.08921041021560358,0.010652515440922355,1.7110253482122277
384,4,2.390352477949899,1.5079343075796527,0.0304234455082572,-0.007238851015976112,1.7264378350733183
385,5,2.6682823305129704,1.881748323146142,0.13761339359524183,0.011092714883407757,1.647652024233861
386,6,2.4340590198480356,1.9092506182280007,0.0785401233867718,-0.10783572273463113,1.7545994420106625
387,7,2.6881435810990015,1.8116645591305152,0.11902875737200909,0.053315358693428586,1.7632693107916786
388,8,2.5821213020103775,1.4543640350197773,0.2502821499268286,-0.10147445736629612,1.6360350148761071
389,9,2.7045079239807337,2.3008105554332436,0.21963714207336305,-0.20011284898022086,1.6746730631954505
390,10,2.6238495925056493,1.5635326044573663,0.11099651791009565,-0.0574165985193702,1.6739975284000572
391,11,2.5413747761554384,1.5066501040876308,0.12545884482095018,-0.045147931272325956,1.7649822967621642
392,12,2.3580623942755032,1.486894330570762,0.08324597290164887,0.005798203022155791,1.7570810258630227
393,13,2.481502113311098,1.665424445002275,0.09772009258162337,0.0034671702270959873,1.8183899213456778
394,14,2.5533616233735104,1.510419017005173,0.1220484010204542,0.002619534613800545,1.7423102241973436
395,15,2.593780126664902,1.4467254608364455,0.10888019059678072,-0.010001376772603484,1.7090855000620107
396,16,2.596701948201204,1.4288817029562195,0.12167959938118963,0.011754967398684712,1.7506681510803508
397,17,2.603455979609504,1.6996532715735013,0.1676241743541713,0.038068311310146485,1.7327263675795583
398,18,2.6222511185820343,1.5515641150063446,0.1396868119618094,0.031723592758455404,1.7184340141248515
399,0,2.841828621259748,1.9543256773839786,-0.1577102696286734,0.1839684469812527,1.7105259750981503
400,1,2.857633087314157,1.7456428643071993,-0.18777673651679394,0.18726405114000985,1.7328651285096883
401,2,2.8576313218540292,1.8967709429593098,-0.18480464882232936,0.1632682546530327,1.6953246250194378
402,3,2.8847729585624746,1.8149626558754677,-0.14782791108955806,0.1265833129628853,1.7183846639153908
403,4,2.9692472959772025,1.9196784276953383,-0.16043172727759797,0.1278745440258217,1.707522898233893
404,5,2.7813171501946288,1.9289146055712634,-0.22022751275154404,0.11810818986306756,1.7530584978601507
405,6,2.529887580009923,1.4401778493050044,-0.24459235765345572,0.1394328375048762,1.616360513574057
406,7,2.7607392849929226,2.136286723910911,-0.14875805168760584,0.0598313410478066,1.8468267488864103
407,8,2.77312140669072,1.2008490268573,-0.22240663530765883,0.2086859477059088,1.6137181421957463
408,9,2.8810530978677726,2.2810895817915062,-0.24153016807831576,0.2703755258352441,1.5092094750451643
409,10,2.8461927393627398,1.8399646934210379,-0.21322533886990439,0.16873917104481873,1.708981684527451
410,11,2.8554582096300978,1.7965865171469348,-0.19971845829421808,0.16397220700384732,1.7297903581372907
411,12,2.9144294275084164,1.925925044800778,-0.16079568552944284,0.12826650636911655,1.72311463686164
412,13,2.8628664029154605,1.9129528223642613,-0.19249060381623542,0.14375622143347952,1.706955607693007
413,14,2.8271113795218112,1.8903593651789667,-0.17609313736479776,0.14370061699733505,1.7119813970847093
414,15,2.805436224799542,1.7191530876083267,-0.23418562189815031,0.1327692013445981,1.7212005230364678
415,16,2.7728558146236266,1.643220292270872,-0.20028945406277004,0.1641884436984262,1.6685349440386188
416,17,2.837867270475681,1.9041078067022092,-0.21435974847734188,0.20239362103989028,1.6393862509090034
417,18,2.8175771269303986,1.7382047106963308,-0.17863312373111823,0.16866135086657522,1.6409384089718908
418,0,2.3470294981493502,-2.0864778064182214,-0.0896111582868435,-0.09196222540393306,1.830206359296235
419,1,2.4462014442797924,-1.5960677238774337,-0.1484507223457917,-0.1275308580805412,1.854323082779676
420,2,2.4036871100030175,-1.5893942814230972,-0.13122281177676964,-0.09710974601846055,1.8278412117767582
421,3,2.258918735829961,-1.2029792924617928,-0.10487334964845078,-0.09574955498165964,1.828050696639067
422,4,2.21984811480552,-1.5061078704373525,-0.13126280565659787,-0.10882402801304514,1.8658435160535363
423,5,2.182998603253064,-1.8102030452486615,-0.10804644410856193,-0.11355204147266942,1.7792014516557644
424,6,2.266476153346455,-0.9793768562238242,-0.18830669941523034,-0.13805195232469555,2.133270056542685
425,7,2.4364057472329357,-0.919758766400605,-0.02878137259673319,0.0002531529604677604,1.7507551848110967
426,8,2.661822114807079,-1.135289190068354,-0.004727117030191297,0.09279191230861208,2.075109852816617
427,9,2.3683746388088545,-1.4862029325308523,-0.21426396204960704,0.02760446166381479,2.2118826974299095
428,10,2.4180998234932862,-1.6415937985814657,-0.13728141729768667,-0.07486317228991712,1.800691042506099
429,11,2.3536387549355173,-1.6160004166429034,-0.11559884553231926,-0.06398632333006518,1.7806039212259273
430,12,2.2428786848593676,-1.4481304876524532,-0.11966664310526225,-0.11247131053010322,1.806727048659337
431,13,2.2774717424285917,-1.7045108443250618,-0.12305121009101669,-0.09451277974484498,1.8415297166540645
432,14,2.2686978858822733,-1.5427627776079889,-0.13937292736963292,-0.09245180095352978,1.865334913906299
433,15,2.310939546923088,-1.2428222432844303,-0.06186683672328608,-0.05154151936329689,1.939802459946219
434,16,2.2892216745789447,-1.4249316455480618,-0.10497746229131194,-0.06937774921860988,1.8789428217247117
435,17,2.2985667787650415,-1.699888754074597,-0.15627228072675742,-0.07472224404526662,1.961429636725184
436,18,2.363723565242032,-1.551778972724876,-0.1302269006056312,-0.062268536704388845,1.9054686932877372
437,0,2.577893531516111,1.0820524248581997,0.011760471192954033,-0.12029913907698771,1.7813247192321648
438,1,2.6473354278067935,-0.7777159708084387,-0.017012776935469265,-0.20722407185517025,1.8028293011887762
439,2,2.654430014447136,-0.3843155917576609,-0.01969050995163281,-0.20568107967391844,1.7575640758154518
440,3,2.5249443268554845,0.6067392144821893,-0.021962863694739994,-0.23825040238962286,1.7201281552129204
441,4,2.781539988322922,1.3409582752561136,-0.034543253333600754,-0.23213778522182915,1.760071488729601
442,5,2.7156024679936963,0.9843884160647719,-0.020493663415744014,-0.25892000683435584,1.7954610329599348
443,6,2.817892613271577,-0.2977368351771796,0.05589796419208947,-0.1783033758552316,1.790293962611162
444,7,2.7053558401474533,0.926423823418259,-0.09677050258758257,-0.25925851985535275,1.56176122660293
445,8,3.1914356220488496,-1.1516489218032842,-0.027950411014191743,-0.1953245271482697,1.560705719064817
446,9,3.1530113775589057,-0.9244559636031285,0.016961816189953613,-0.271720814312942,2.0165614362410227
447,10,2.6223339810130475,0.2982692226577777,-0.012470428081075747,-0.19705228964082322,1.7623052804983257
448,11,2.6868902901334497,-0.3729500049648209,-0.012560856707938446,-0.18528487453211626,1.8322353548373786
449,12,2.7275521647092527,0.9441884401036651,-0.031699234703760085,-0.22053977956222762,1.8117537102301728
450,13,2.7247069090598868,0.6062025383368004,-0.016360977127082996,-0.21963194480155787,1.7124945292428249
451,14,2.7407674902898416,0.713698047833597,-0.00402467407633999,-0.22142363413967964,1.7591564714287544
452,15,2.769787915859938,0.7649641427899941,0.00017906693335973702,-0.18513103106914555,1.7298916839033416
453,16,2.7533007459954315,0.8939634809364426,0.006320312673475656,-0.21529247650058825,1.7501532992061761
454,17,2.9048776450306497,0.7226634501112792,-0.006958798543983142,-0.2782723313665879,1.736339740467448
455,18,2.872911739611651,0.659698581504423,-0.0057989987866526186,-0.23189360947215656,1.7214198023036054
456,0,3.1203215266909523,1.2231008867804476,-0.12448870933644544,-0.017064005647884427,1.492751427955147
457,1,3.1582074100502346,0.7248514451938873,-0.12998232883422722,-0.06054061578836024,1.65326494145654
458,2,3.1420158053467007,1.3596991371269964,-0.13939699426499666,-0.04183728979019642,1.5499385391600735
459,3,3.141668250681811,0.5658101467848149,-0.2075360839820927,-0.05341745324691458,1.5466842670410694
460,4,3.0905080036786154,0.7762941091056039,-0.22861745650923432,-0.018465315529855857,1.5482120285965655
461,5,2.9225049442128155,-0.5453948166022972,-0.12963704868700665,0.006359991931913636,1.5656122272009667
462,6,3.0732346813269404,1.3649259130922229,-0.21962899538559988,-0.03282335209743196,1.539222905926403
463,7,2.958579209070955,1.2637993185767415,-0.12699982149750147,-0.1426058215982756,1.375264642675526
464,8,3.516595055239266,-1.1846238543703205,-0.34157820935450023,0.020638570517200534,1.8087702279862659
465,9,2.981034294269266,0.8780096972633383,-0.24711539562194546,-0.041308837754363295,1.6915049262196884
466,10,3.223440506457029,1.113387605655643,-0.12608688220379363,-0.039369784936101125,1.606350313693435
467,11,3.244976764730571,0.8785655593244417,-0.11479131740322412,-0.03355149840980106,1.5551089518095444
468,12,3.1209126597792824,0.6715513950370176,-0.21832882166186085,-0.021455340803094844,1.5726620700955811
469,13,3.037379209764485,0.8574185971058793,-0.17643934863746719,0.005936462212440145,1.5803110727948926
470,14,3.1199949933455793,0.7369856308828516,-0.14102878985947018,-0.015996523512004857,1.5717316198437021
471,15,3.08561822797201,1.1312471866341194,-0.12860594073033307,-0.013195801614223752,1.6142519313966661
472,16,3.0972703949945255,0.9617300211710904,-0.14187947881997182,0.000624524160771453,1.5581423753287063
473,17,3.1966061817421,0.9074240482169403,-0.13955881923096758,-0.0224502989144165,1.5829089288634064
474,18,3.111406056850577,0.828361134652041,-0.1162990160258063,-0.01870858242868042,1.5936923240414054
475,0,3.0178877271210443,-0.5788126234416654,-0.08484240786900812,-0.12558564821959428,1.6710814249626271
476,1,2.8672647433238243,1.28386215101146,-0.06966158935881249,-0.1573490799261452,1.6789107181010665
477,2,3.086141382400522,1.439516552008669,-0.04424780151280418,-0.13463293852091826,1.7227200819946755
478,3,2.897456327810086,-0.3356698412312797,-0.089017887189602,-0.1871620219781484,1.68699528671533
479,4,2.9692611655079797,-0.5324849915742087,-0.14123758207330137,-0.1845126221157867,1.6961677697877273
480,5,2.8659789932433495,1.1329720584191718,-0.14504629772504107,-0.20424359436726566,1.6305963583381735
481,6,2.9132184086886745,1.3484490521680996,-0.07603023002444255,-0.09656711900181103,1.7622196382972233
482,7,3.1454150980873075,1.091248311897485,0.05564669020295561,-0.13717817428024437,1.6459721251620283
483,8,3.2254689881597525,-0.9079982127643345,-0.022487061432968122,-0.22647812863996378,1.9566117635936244
484,9,2.956119591411682,-0.5848362628481669,-0.07710461159282471,-0.21957610585846193,1.6793233492427966
485,10,2.917939540851722,1.3698858075549303,-0.08254520936226785,-0.15566905204522166,1.676287553916148
486,11,2.8893317992140903,1.2275975649261774,-0.07152716081691683,-0.1870397253981454,1.7026122017662015
487,12,2.939773921253605,0.3546207425992649,-0.10995029065832224,-0.19059242007585314,1.7125196380082361
488,13,2.9389882362840627,0.9556454904476666,-0.08225351720997619,-0.17668791157323452,1.7002182764614902
489,14,2.939820570594342,0.93983634364417,-0.0744797738620714,-0.19218179112095063,1.6985320998860265
490,15,2.8558994057103666,0.5876492961877117,-0.044704463345559456,-0.18816467932939285,1.7250235423995404
491,16,2.868965020664095,0.6382821855282174,-0.06388376341145155,-0.18306937023575703,1.7172864113902577
492,17,2.836255686647701,-0.10915990032078057,-0.06379176245551896,-0.27318797608616885,1.6524282046595609
493,18,2.8162436793585064,-0.09964806336152396,-0.053159802046265796,-0.22765664673847402,1.6518098040498512
494,0,2.289380891640993,-2.242049580469697,0.03551164344576679,0.11111222958590053,1.8409998647526769
495,1,2.2877051942049493,-2.3888262839590086,0.09241633361249088,0.21457059600500544,1.8881231589734053
496,2,2.2959939319520077,-2.40116967169264,0.08289758202821156,0.2120787227071543,1.8440002676771776
497,3,2.2585463408543385,-2.624372693468225,0.043075340644958146,0.21333358185477327,1.965506771654529
498,4,2.2265934162168945,-2.622973818265292,-0.011881825118439777,0.2094893673624368,1.9812646054387737
499,5,2.0792429460314716,-2.4666361558424126,0.10732757250332739,0.19010236373190104,1.884492235882341
500,6,2.5824807524328235,-1.7652764597983046,0.1476260710417234,0.19423024582327444,1.8900798802889223
501,7,2.2466510092930085,-2.140825692873149,0.2050747574544784,0.16624818768538566,1.7625618531915885
502,8,2.1041869313936337,-2.7806172848981605,0.04610491106002551,0.3747583878880251,1.6558796195617114
503,9,2.2185550613920757,-2.947806470885604,0.06416255008982127,0.20965702926194432,1.8013162826805478
504,10,2.31481567325322,-2.382034978747564,0.07222166116550358,0.20482167461301873,1.8891283899775329
505,11,2.3126432365349023,-2.516435651565404,0.054196142887746115,0.14280228358926483,1.875168631138354
506,12,2.190529733085035,-2.559567238188582,0.02094907787663819,0.20162370149294492,1.9542329120962174
507,13,2.1738464576484238,-2.4640776792927355,0.06177413305819417,0.1587864723330123,1.9563232841591303
508,14,2.2197749169726824,-2.4974802121079653,0.077778429658404,0.1427259150395178,1.9219981256261838
509,15,2.2256950629500523,-2.404889880736004,0.13682149611027816,0.19113354529552493,1.8751351713569198
510,16,2.2230979593197437,-2.4630762858246116,0.10961537543072776,0.1836430442410917,1.9162901130956598
511,17,2.1575908677273903,-2.691673745733091,0.138535577589574,0.18753382876240882,1.933906565931544
512,18,2.242280773239521,-2.457150679389444,0.11544631465797833,0.15627819063534068,1.8831609797596154
513,0,2.7329198525017477,1.5325686401297374,0.17913336782667505,-0.09377967531880477,1.6394704923432601
514,1,2.8894707731907565,1.3473160202837573,0.12201096681686617,-0.08544325108543101,1.6650814872696558
515,2,3.0774409625274224,1.6698481663238816,0.11497355206350028,-0.10881177793502686,1.6809095985835587
516,3,2.888572992031583,0.6207430771482474,0.12202683950494914,-0.19369683681886374,1.747884895376137
517,4,3.009874010358389,-0.5109663609856615,0.14766976777026944,-0.18729495107593583,1.712408337948941
518,5,3.08085975044894,1.2919329101239143,0.10791840893867297,-0.1616817736234688,1.8225120313660501
519,6,2.941542881598574,1.0617846720913386,0.1219681025643756,-0.17095686887468312,1.7249148833025463
520,7,3.056336595712283,1.3165716513842507,0.0900038805007468,-0.0795862201783886,1.808674820495801
521,8,3.363036831551482,2.078420071167983,0.04886120246648021,-0.060658057926532075,1.935000724885948
522,9,3.14357243822122,-0.371246055721956,0.13843389370972056,-0.15148444722529858,1.9197666830748976
523,10,2.928375881527003,1.6006669508696627,0.11100043973321679,-0.08426635016184736,1.6894428055470372
524,11,2.901527775134789,1.411802250089836,0.12514557812189275,-0.09758382551925247,1.673255917701125
525,12,2.9815960927626133,0.7029844562955483,0.13714170866764372,-0.16976889408232565,1.7159483043873467
526,13,2.9230311942382956,1.1871163804687024,0.13266292611415625,-0.13923662585826094,1.7218085371988976
527,14,2.941266834491109,1.2180852050098798,0.12400340444045652,-0.11348959935811746,1.7086557634947137
528,15,3.0425367194156943,0.9996048115010591,0.08210229927828891,-0.11986455956981111,1.766631114865269
529,16,3.071240679596158,1.2157058213736542,0.11889944212623574,-0.11695342017273462,1.7526147725918901
530,17,3.1598791726537936,1.365491062924475,0.11578573561691,-0.12986140667762883,1.8294988611304432
531,18,3.0815873121026174,1.2465171622453408,0.09648811301409166,-0.10821783889802401,1.7980481866178317
532,0,2.599487749412658,-0.7330305897671346,-0.05943222396756147,0.0297614762352503,1.6898383646471553
533,1,2.4714548115112724,-0.31267675200147066,-0.024851888175536487,0.016647281295209884,1.6563053949624336
534,2,2.476374693912976,-0.8002434213389586,-0.044739095536316595,0.002367825538801544,1.699681769062665
535,3,2.505723613246013,-1.328539920061519,-0.015708950119520577,0.021636959201179206,1.7861714806873623
536,4,2.5167675268011047,-1.1403816859365115,-0.03436156739399158,0.0244705322489436,1.748744474411723
537,5,2.3789729086831777,1.0729165994547238,-0.0021083248877516968,0.026278080146259486,1.6753802304501588
538,6,2.812953017652617,1.1623256678333858,-0.011044496882972224,-0.0926445310557733,1.6896669377722964
539,7,2.217093409793601,-0.8910473102202179,-0.05480260152421747,-0.16853896973104185,1.6342357946238188
540,8,2.6057242757632997,-1.497535896109666,0.03398897556615829,-0.1470227847433196,1.802768181190512
541,9,2.3574707479943413,-1.7026349050338503,-0.09522336587069383,-0.002163028776456688,1.7753072810734016
542,10,2.4575176419377303,-0.5443416121908162,-0.05284171231233415,-0.005240079058615233,1.6606234132757034
543,11,2.4333922415061053,-0.605875122603012,-0.0558860920634926,-0.0124028888492392,1.6870511064652705
544,12,2.511550260367013,-1.2380809878389454,-0.02806326679584312,0.02071800145071887,1.751333863120429
545,13,2.425663568883323,-0.9316125780153451,-0.021320275129611172,-0.0036057605905455764,1.7029327639015441
546,14,2.415210766252949,0.16929922798517683,-0.03965071435772428,0.0025815353495056773,1.6796978684872768
547,15,2.5037865418970435,0.35214880017371675,-0.032612150879289564,-0.06748162673618593,1.7404642375449724
548,16,2.454400765955712,0.5083404400759198,-0.04671482858027524,-0.04423263071263975,1.6818987692442335
549,17,2.3517931074224125,0.5614801893287105,-0.027719651813895282,-0.06290579411452249,1.7073808173532643
550,18,2.4092489293634185,0.5125591047289121,-0.023099709844912733,-0.0524214950954354,1.6974612606424686
551,0,2.5714921851073496,-1.0541404948170148,-0.056637228685655905,-0.015314315423652922,1.6135895389867214
552,1,2.717600876683013,0.28859882172889667,-0.05186344537854571,0.02596362690023426,1.6105105076218103
553,2,2.752780130091518,-0.6078675046198481,-0.04944759077185377,0.032336024212475376,1.6345515982103846
554,3,2.5172224192221724,-0.58377647672567,0.041323084439789985,0.027506095617058857,1.6583517533071466
555,4,2.478831615796693,-0.444141012975202,0.10957029465883408,0.07438645325042899,1.6721662866356832
556,5,2.6876922996093815,-0.8506838719039193,0.07372083240281407,-0.02480580713342944,1.6745882026968384
557,6,2.8461576777235296,1.4162286463971534,0.00931254457704575,-0.014045387881451765,1.7113275934980148
558,7,2.5094950207166167,-0.21935816672378708,0.015102448425244927,-0.01405941910628837,1.5802032315751207
559,8,2.493733734847746,0.6997300523583438,-0.13150764882968535,-0.03689771797351869,1.7607141568185058
560,9,2.505913272071379,-0.9896974969349709,-0.1939631447379692,0.07165068024218733,1.8259308393890152
561,10,2.645322440168079,-0.5070547274955959,-0.0625563355663526,0.0067888306077614965,1.6786250718361477
562,11,2.5550785780543634,0.37335190143639013,-0.06981675131904498,-0.007693216049490782,1.6427451948264633
563,12,2.4837385988436465,-0.6222134181821654,0.07439828420716732,0.06372903527576161,1.6761363773229836
564,13,2.5945392718335265,0.5352333290168529,0.030539266539248225,0.008813308404223624,1.6612402466277614
565,14,2.5591844045633723,-0.28886657399167465,-0.02911115605604051,0.0029189270075175786,1.6561193359395467
566,15,2.5833463525934315,-0.35188393916544525,-0.05089610007887302,-0.05008553291122309,1.6393885517885387
567,16,2.602047913904424,0.4675584584662245,-0.017496873771154636,-0.005435545316858255,1.6374185465517168
568,17,2.5934152047236796,0.34613575899642157,-0.01982281988212713,-0.020156326818055303,1.6611562653774823
569,18,2.613820687332559,0.31597753566779185,-0.016519016568439276,-0.016796939015046086,1.6590772722841427
570,0,3.378864454287115,0.7905694965407637,-0.023893389168925624,-0.021715598229844278,1.6430206045155547
571,1,3.326171064030808,1.7644735455808616,-0.05243463445284683,-0.008181737129728413,1.601381961109064
572,2,3.327120432863264,1.3497719922841214,-0.0704853860282522,0.0333525733812626,1.5430682343101347
573,3,3.285675905170596,0.8366772602334325,0.0065646132921642515,-0.03317915258284971,1.634309425735568
574,4,3.1926137677591626,0.9689811751935419,0.0045721387423950585,-0.029846816840896767,1.5197658385871353
575,5,3.273773075256954,-0.9017547308879389,-0.010945428189368677,-0.07353889803231474,1.6275309330958425
576,6,3.240602337052958,2.077959914474365,-0.04974352644416501,-0.09358878612025848,1.5075907716375996
577,7,3.38637410808631,1.237621915345305,-0.1030156354287069,0.01591556368755149,1.7153951862490697
578,8,3.2016795084969067,1.7891946142046593,-0.12352760339791984,0.03056686039082062,1.651169073604773
579,9,2.9983773731725165,1.153064079815346,-0.10957270031545861,0.004489259604689804,1.6429888098528311
580,10,3.313257596205186,1.4965593090552958,-0.05319278602782069,0.008650224581737975,1.5724709830265082
581,11,3.321625251912918,1.2417129492944525,-0.056501244697128375,-0.031185862797217252,1.5944215122635725
582,12,3.281642065717024,0.9217172015574924,-0.016962625049864684,-0.04155423568846822,1.573597391640192
583,13,3.3869131445948395,0.9692293996909688,-0.02716033483861839,-0.03098815723828129,1.6024933758427227
584,14,3.3592075567493853,1.2658614435505566,-0.03332413576559878,-0.020503443374806987,1.6290866021143964
585,15,3.3356145334334246,1.1253380023011654,-0.05964986326719689,-0.01654607264192303,1.6566363811462461
586,16,3.335799873440257,1.0532224729667434,-0.06947298456145273,-0.018736846523737454,1.6351983047539398
587,17,3.283654362707783,1.3356201286618758,-0.11638665810691891,-0.025440533923521254,1.5929575929800308
588,18,3.181854218104243,1.2192488562248636,-0.09698888175576575,-0.02120044493626771,1.6021188078501536
589,0,2.5588173279574256,0.6619362586898715,0.06183220463359823,-0.05993526852065989,1.6465930240504478
590,1,2.5253054369600707,0.7928026666503056,0.040274304521119464,-0.03581452454364671,1.6909346748077378
591,2,2.5972214356485264,1.1409940818358302,0.05937381068343671,-0.05105583664940279,1.664758083273657
592,3,2.549231198983911,0.8813183050528932,0.02229641662701858,-0.12536699841317528,1.7327175335321219
593,4,2.4082110383569604,0.9523614710869729,0.07608800579830247,-0.09843087357399127,1.8005846899349771
594,5,2.5259856263829037,0.9151867615839441,0.057254438655329795,-0.12692253222373864,1.7596926518649352
595,6,2.7136640438502493,0.6626265418472588,0.051500464120442756,-0.09989504756163559,1.677999242494511
596,7,2.607254796053041,1.2406941201894925,0.015307784462633901,-0.05956890257106116,1.648801833464714
597,8,2.360043996867415,-1.175421818284636,0.015529321304784391,-0.04935335851326844,1.91138551565524
598,9,2.1860168955713575,0.5620439480006992,0.12377855375693336,-0.14950311850793743,1.8704558379623306
599,10,2.506590839049597,1.0353972932155429,0.044213192294271404,-0.04603757045359383,1.6897198652715644
600,11,2.5056861302320947,0.8915945754290043,0.03790501120124444,-0.07612128374869838,1.75891399399754
601,12,2.447820065224984,0.7742686572599424,0.04944851960940555,-0.09305311944411897,1.738819749805273
602,13,2.514550555786265,1.0525222549850222,0.056387591624022335,-0.11015912496165717,1.717018657655406
603,14,2.5361717581647394,1.0388018177370313,0.054453209142898355,-0.07897608813381157,1.726270962352283
604,15,2.7212546116697216,1.1497733063250384,0.0541620345918641,-0.060772491200901765,1.7628056258841827
605,16,2.62628692638446,0.917072907834211,0.06616119156100413,-0.07397581746210889,1.7471943935415737
606,17,2.592347524647132,0.7958622519241323,0.07285539225546812,-0.1166591759672643,1.8078164040418876
607,18,2.6129239225748107,0.7265196281116286,0.06071282687955677,-0.09721597997272025,1.7802724694494845
608,0,2.982939235947867,1.7968650567752977,0.008631186733716514,0.04023843376067482,1.4357598655848214
609,1,3.077163283724422,1.1698723260963848,-0.019399486915661027,-0.00673377933807051,1.5849954472788461
610,2,3.079653965660428,1.2774197074105105,-0.028354708581630216,-0.0037001511963761224,1.5540401844583682
611,3,2.954325639783941,1.5460344047671677,0.038226176157606005,-0.006137828378207115,1.4491688112014336
612,4,2.871634418040008,1.3197487644890462,0.002613322924428188,0.018165885993052577,1.4581427912712257
613,5,2.9686450756535288,1.4456088019965918,0.01306093845356509,-0.021574060002144194,1.4221274011573322
614,6,3.0787041258738355,1.6906239933451503,-0.03934615696082853,0.050176425950481246,1.5701535530698543
615,7,3.0688904696665222,1.9730895374153454,-0.006977950624002145,-0.05484638314569597,1.4885489334114808
616,8,2.9491978361195734,2.2238109669504,0.0017519622918205683,0.04977292861501226,1.4322753600819433
617,9,3.1361779094868663,0.37972291023288723,-0.1004708429621967,0.1566396429957194,1.4289827993368949
618,10,3.1011705691130027,1.3135106963308274,0.01400897456660618,0.007645005704273051,1.5421142236336582
619,11,3.0636217521885816,1.55597813241674,0.02950177917799003,-0.00034530245497431736,1.4692076760168622
620,12,2.951345281654134,1.4901464913262892,0.03737242316459677,0.009436697152550732,1.4442852925786418
621,13,2.972297153344107,1.3990534454024963,0.013001576227605584,-0.0014169120024894507,1.460373602298626
622,14,2.8969890389351467,1.444067260054202,0.010635781080781356,0.010599163441618036,1.4763749600281568
623,15,2.834691835412495,1.5201387864107259,0.033516881760892216,0.030076660132716326,1.4994019311085884
624,16,2.870036284372378,1.4745163630630704,0.00697844157162008,0.02392360271261864,1.5124425411981093
625,17,3.031620895589321,1.342889771015893,-0.003064605730908713,0.07830067732418036,1.5248340114010281
626,18,2.9769953536162967,1.2258851010253493,-0.0025538381090905943,0.06525056443681697,1.5448157269084677
627,0,2.9694054570499153,-0.9339918338204186,0.10158627772489078,0.03641995031820254,1.404854102760005
628,1,2.930063806409068,-0.7934199549569795,0.073045119438473,0.09862456546086665,1.3430583079996243
629,2,3.0660075229063013,-0.8415218724237754,0.033277254676203905,0.07084742501551232,1.3850068909633264
630,3,2.8568984251361864,-1.2322610404462084,0.05280676199437545,0.08746887698012268,1.3818144460108521
631,4,2.838664946520725,-1.3666940436389365,0.0722290701989637,0.07210963354956924,1.348110332939811
632,5,2.761018885253861,-1.472065231916955,0.10211539729274349,-0.0074535446163643895,1.484272725244276
633,6,2.8901378629406542,-1.501185746078248,0.17517791998813936,0.023693951318669797,1.5788895907787455
634,7,2.9776230356568125,-1.2551451636610214,0.18387913646750972,-0.03406285391313929,1.3782643996910322
635,8,2.840275194252554,-0.7726450408786903,0.14476028797232549,-0.07364145559917225,1.454463514343001
636,9,2.7122401891780736,-0.8868221701607825,-0.012346862089420374,0.051244662873178415,1.3330088213250981
637,10,3.048313587492726,-0.7958380077083118,0.05352890622548585,0.05990546662510094,1.379854951581021
638,11,2.9555761440607426,-1.1495319267420825,0.0711291198508148,0.06417854426164796,1.3762201538142613
639,12,2.8848649036146647,-1.4049456796337336,0.04891439726183528,0.07329449499550386,1.3793839746665284
640,13,2.87992888508891,-1.186342318621417,0.04868688144356282,0.03446980566871444,1.421766531170406
641,14,2.907737774328236,-1.2747226788844046,0.07466481671017133,0.052072897129568335,1.3949000168264507
642,15,2.8246394219235054,-1.1988276512417688,0.09161606406040268,0.011813088424081578,1.4241146650942957
643,16,2.8859960501462734,-1.0792572213408296,0.07127953848707792,0.04094845331796477,1.416626792646771
644,17,2.8513837309102468,-1.1622284671277245,0.07066019324981343,0.005054172353094379,1.3654607776020347
645,18,2.8287558803006885,-1.0609645021559628,0.05888349437484452,0.004211810294245316,1.4090418692722992
646,0,2.700090462209428,-1.114077973023613,0.23686532156156864,0.10205347781274327,1.7112250171359484
647,1,2.6955019885043487,-1.871274087035605,0.23553875063108215,0.0849177336042644,1.6349828032877984
648,2,2.6286869081713626,-1.765537913291015,0.2398127007916523,0.09056265518764611,1.5857986098770291
649,3,2.6366360187336197,-1.3016612916798518,0.25097671842899066,0.07744854047450965,1.7043356451206702
650,4,2.5857059070612127,-1.4317970758936913,0.2729913543797568,0.06303651621517459,1.7590106147512188
651,5,2.7696429358600474,-1.634758330361753,0.2771807554397847,0.09597400317562405,1.5992096792271768
652,6,2.5095577986768896,-1.3396628992699906,0.3642987072867141,-0.04807295609524155,1.6749745120116482
653,7,2.686464848043168,-1.30798895571266,0.20247900524005247,-0.005633485692074752,1.7443396384279717
654,8,2.861033300160046,-1.3239805616466922,0.33883885386635093,-0.002287717320274156,2.046403543361715
655,9,2.620098297770779,-1.6391594006351906,0.27706836038082683,0.11680106554563503,1.6692324113282433
656,10,2.6659008519458167,-1.7502483958169528,0.2627383037806751,0.07316828062798679,1.6245622297541038
657,11,2.6960233973493826,-1.6219967804214892,0.2680334429811616,0.06558930884473703,1.690082559737828
658,12,2.7237457336439364,-1.3907987308586827,0.2556313531977965,0.08064986028073982,1.717968201241127
659,13,2.681036407000769,-1.5397222327694042,0.24574143672652773,0.09039437355497228,1.7115962338025905
660,14,2.6424022164024863,-1.5432128772659386,0.25711904076936093,0.06950315070823511,1.7064459385784374
661,15,2.7295659620130843,-1.515254553181531,0.26177188395269124,0.0376970741460769,1.7067330487967498
662,16,2.6962151694898533,-1.5786569000245965,0.26413717172368384,0.052081939416735466,1.7370154341318096
663,17,2.7052897984610453,-1.7374024088312405,0.3088827827956494,0.05781575714303149,1.7810901042032328
664,18,2.7074508165764715,-1.5860240987588528,0.2574023189963745,0.04817979761919291,1.7583127112981127
665,0,2.530843076670477,-0.6017765446446297,0.16488752616717417,0.1137237473321,1.7182535542076562
666,1,2.4479458216662033,-0.23663203023630364,0.1740847763599697,0.1487409209432756,1.8384091869544035
667,2,2.434173953381513,0.33780874960973695,0.18835479081445303,0.17370002388631006,1.905199391582233
668,3,2.3006736116385196,0.9159756152525966,0.08520866584168015,0.05228483525198038,1.930193691838658
669,4,2.330344801034192,0.9978269177936441,0.06675413233679568,0.10879079252910018,1.9433385854750902
670,5,2.2031406085856085,-0.5911105780276064,0.1161595683813947,0.11073783467725687,1.931282229869499
671,6,2.2729271093009618,-1.1263691608832183,0.08563849793834748,0.10379323442693804,1.7553116750758349
672,7,2.475156670510012,-0.5564181808361097,0.17053774563319743,0.016713404945786978,1.9547116791116816
673,8,2.375789994552441,1.5491368084676784,0.1870679838838635,-0.04241173043334705,1.7250716964141988
674,9,2.313732615031569,2.097840184211472,0.21253016993878932,0.19090639388342956,1.768579499387383
675,10,2.4483570054818498,0.4647995199039751,0.177154157584773,0.1590437937195632,1.8725778501043997
676,11,2.3751417969386583,0.8131574991384882,0.1392081610204134,0.13619605257948775,1.8519534293576172
677,12,2.2871760708400495,1.1047197748783897,0.07625729507537805,0.07771277710450909,1.949306656187939
678,13,2.3684777784103486,0.602284818473897,0.10493469000464642,0.08558867150924834,1.8810808443609994
679,14,2.3952662131304763,0.8022951140139479,0.1267349353053051,0.1022319543096621,1.8856020783549678
680,15,2.397035054870706,0.3863970956110133,0.15575911933302677,0.08314665204349539,1.9394672077141526
681,16,2.426011146254198,0.9865230892552294,0.11386109694327683,0.08320176248991476,1.921488688182813
682,17,2.371253409748281,1.360487952565852,0.13801056006069037,0.08825930569302202,1.9615907878657157
683,18,2.4258506187846627,1.2419499684893456,0.1150088000505753,0.07354942141085169,1.9055991535504508
684,0,2.5373707345077423,0.9034332997324241,-0.0034086546195695178,0.0593109283984162,1.8213321810802316
685,1,2.5058189008236718,-0.9159085746357927,-0.03384226451273599,-0.007287429902412209,1.7953659232435786
686,2,2.498424906070649,-1.0170464208417063,-0.06698708114186613,-0.03866227436827202,1.832622117720138
687,3,2.399775408936424,-0.9646453412472432,-0.08740818001147091,-0.05866542035394996,1.8695887057195695
688,4,2.3986507785920423,-1.0253238969914873,-0.0697476360905974,-0.04656970662558515,1.8787665465565375
689,5,2.498406023035272,-1.1646901791827644,-0.024576125505785786,-0.06229251778175635,1.8480807232196108
690,6,2.465625427288842,-0.9069300129607579,-0.10492660616084747,0.05981216065224372,1.9093941507334893
691,7,2.6219737153644695,-1.40747893582266,0.04979162149705188,-0.11165826179332695,1.9422319612718146
692,8,2.213556616310475,-1.4621446767185475,-0.08055143525118842,-0.02260648247701615,2.0728189070130654
693,9,2.699804313684579,-1.2048349978745778,-0.1767327516594892,0.030092842949497902,2.0352552988312604
694,10,2.4470400249705846,-0.7267536501411989,-0.029837764707318422,-0.02767883365534296,1.8214212207121312
695,11,2.4521208465472304,-0.6641808032189446,-0.047009676907366876,-0.012464375551958323,1.8383916933495457
696,12,2.3514704602357672,-0.858119413479175,-0.06812892771772117,-0.05516455290317891,1.8381547971037886
697,13,2.3650740083603115,-0.9063398632033517,-0.04855467497908876,-0.04341522807080217,1.8166105387254483
698,14,2.401115453743463,-0.8661089286759811,-0.0524453251824535,-0.03540822800844168,1.854216460171446
699,15,2.474913607839198,-0.6208184393904537,-0.03715769725258168,-0.06607386517665327,1.911355475856656
700,16,2.4392280242303905,-0.6575031229539159,-0.02619740898939233,-0.04164993546451883,1.8502428920882252
701,17,2.379340376414234,-0.8312914235608668,-0.03157603394964191,-0.028418099049155893,1.885619106888346
702,18,2.4327429670077136,-0.7588616644278523,-0.026313361624701593,-0.02368174920762991,1.8438949802481217
703,0,2.9690939319025262,-1.6770824335656171,-0.14397015814478117,0.05806083218070422,1.829937888536852
704,1,3.0113245409189697,-1.4515735122165068,-0.18684006088406063,0.04976781971346265,1.8222946509588323
705,2,2.908633331017012,-1.340252455302645,-0.18076168822671243,0.023712004935956703,1.8352357158903123
706,3,3.0457684226675994,-1.6424472431473314,-0.15881563151676734,0.10134298660070337,1.8705426526989235
707,4,2.967433015862687,-1.609220498688399,-0.13871796681402293,0.11070903134497127,1.8283042772768834
708,5,2.941244288424859,-0.9425090801491876,-0.12100766743850226,0.20560656357550777,1.760270832819218
709,6,2.7734148575024404,-1.365419437443076,-0.18921778913351006,0.0033687269287257376,1.7114184502255225
710,7,2.9433928167676617,-1.9305265137940166,-0.2056030316744023,0.18350565993032442,1.713519304668608
711,8,3.606778339296762,-0.7618136005460838,-0.2047685762426545,0.23471129417134237,1.7639557646536472
712,9,2.9949736213850633,-1.9482712130067554,-0.11452603756975596,0.14014519101406875,1.7188522181680224
713,10,2.982813949182565,-1.2832095420675853,-0.14193056103101595,0.046267408342328856,1.8088656956619982
714,11,2.9762054561162916,-1.4182059390927007,-0.14632385370585843,0.07270889716657156,1.8166337032345188
715,12,2.9571728601514424,-1.6408341441326857,-0.14887149849993137,0.09627265763066198,1.8926390377581284
716,13,2.9613165787115165,-1.4487332843319378,-0.1517946094401505,0.11504775733881595,1.8225927638216595
717,14,2.9673718431057985,-1.4439035565874547,-0.1482973141495656,0.09612909389742001,1.8325215779895638
718,15,2.917103830169181,-1.245763672869441,-0.1397336564667886,0.0784905931637101,1.8196555709483306
719,16,3.005617178481528,-1.3928594059502173,-0.16211536036555282,0.07814238161252862,1.8690492983113003
720,17,3.028260529547556,-1.048856365477983,-0.15769024275253624,0.07904372115220759,1.8490113726119337
721,18,2.974245252024519,-0.9574703978904013,-0.13140853562711352,0.06586976762683966,1.8140149368958127
722,0,3.1622925519880933,-1.211668524798007,0.04647271366477908,0.08829277678286306,1.7151946617138765
723,1,3.1717486432289874,-0.5660228851835736,0.014574769454479997,0.12034576267976985,1.6935200548874048
724,2,3.16727090140513,-1.0977244106709299,-0.03254119077109818,0.12834262368283955,1.8499496067235373
725,3,3.217681243926048,-0.8629786565624239,-0.01957822639510503,0.06216763687946021,1.7633051976997438
726,4,3.1744569354825423,-1.1602674128421586,-0.04678723224413075,0.10363864417970191,1.7765841753329612
727,5,3.0520388155709104,-0.8174998293654916,-0.017505127765696904,0.08839753465639705,1.7801766816300788
728,6,3.618640551640379,0.9866972232800176,0.11027643055261092,0.14462966374324016,1.9296966199959251
729,7,3.5480393849469665,-0.5937852076136926,0.0044187582124524255,0.06153867481652654,1.676843339103341
730,8,3.0039830843195388,1.2414615319451063,-0.013840009833591786,0.17469439558250183,1.6955372033738025
731,9,3.260942759762026,1.7153885710325205,-0.10801795570781257,0.15940705360001145,1.9932388201840514
732,10,3.188833732495073,-0.9027950199326388,-0.007469733713951383,0.1288025249970798,1.7587575563997235
733,11,3.257566100905651,-1.2494096510635122,0.007275451093813208,0.08870105886721612,1.7605074244130745
734,12,3.273453151770559,-0.8783533306234246,-0.0024483171129039572,0.08182098712604767,1.7789994001228044
735,13,3.187107836028929,-0.9769141041735143,-0.011990223632567732,0.0872129991786401,1.7785341099647933
736,14,3.2077674949485857,-0.9705996830124106,0.01637280431296159,0.09603330864182363,1.7332294945515494
737,15,3.3217264604234487,0.4145260820594483,0.034248199467244556,0.0789019585877776,1.7762993754153753
738,16,3.2384920237779107,-0.43443619765500036,0.044936205054251124,0.08912704053525096,1.7700762557482868
739,17,3.2332550315614377,0.5750809292120501,0.03231110940692426,0.10476166897408153,1.7401658452482063
740,18,3.1411044788242934,0.5249748209385816,0.026925924505770218,0.0873013908117346,1.724580245685516
741,0,2.8840758500094554,1.2543694217218726,0.10641855484667273,-0.07882257405004316,1.5151695193230306
742,1,2.8332301906862534,1.389507646716205,0.15566813702993937,-0.1363862967962145,1.5056947827638505
743,2,2.848277664716014,1.4393163948793424,0.14314128821804248,-0.12969676394386864,1.5360295410620528
744,3,2.5832162843355397,1.2283810951530791,0.09473096081644783,-0.10857954407466906,1.4276596519429277
745,4,2.55126693630038,0.9110476925267388,0.05966832019796276,-0.11619703620908119,1.4655708478926723
746,5,2.517146343952462,0.5261343772028936,0.034643175460768276,-0.10757527219428337,1.4142162069898079
747,6,2.985901658144489,-0.8284007963387956,0.04928715210574401,-0.06333808893980045,1.5321226186587247
748,7,2.844914161930183,-0.9445763391861136,0.055894389933438794,-0.03989392897523139,1.5733241038810142
749,8,2.6072287904135103,-1.0445074835214505,0.011448732649817897,-0.036924901927393936,1.5001548781036873
750,9,2.6377596363313174,-0.4313557267333689,-1.9217945471702857e-05,-0.007726572897965064,1.2436263693302407
751,10,2.8098401064164356,1.5159394745308548,0.13071573601480313,-0.125220345588658,1.5127854635812426
752,11,2.7730163411652096,1.4564529275399725,0.09814061307509443,-0.1259068837393874,1.4826552923384027
753,12,2.5852152466465532,1.156158397889366,0.07392860379614621,-0.11172042571077424,1.474680179042053
754,13,2.63729677315546,1.1787654120796653,0.07130335593526611,-0.10475398358478895,1.4780260742873093
755,14,2.717566069559062,1.2541862928713516,0.0706532430256396,-0.11152576114689598,1.492555191599291
756,15,2.753595704236911,0.8212641958397179,0.030684763777832403,-0.12868657755307095,1.5377388202211393
757,16,2.744061278523557,0.8726696405977165,0.05637787115154198,-0.09919300871741543,1.4788461479041277
758,17,2.7266130190321047,0.8409695041378459,0.02195865762197124,-0.10436543941618867,1.432853172521802
759,18,2.7252227161821736,0.767696721200205,0.0182988813516427,-0.08697119951349055,1.4667607554777622
760,0,2.236759771539611,-1.4087764707347412,-0.022778373542906627,0.04931304696036529,1.4879187446357103
761,1,2.361009155897308,-1.253891639090007,-0.04482012330756577,0.023691378863983266,1.5360020473510265
762,2,2.3243054828212104,-1.5420210494482847,-0.05736039945416974,0.0449514710614336,1.4960282566429866
763,3,2.373307608772433,-1.6614434226142891,-0.038627769580816734,0.029945620251693734,1.4413483101260944
764,4,2.338141674696451,-1.308659533264379,-0.03823679885085965,0.06746644407990911,1.3911999919042848
765,5,2.338623514946381,-1.4012279638861926,-0.0924339231808517,0.07262179078311075,1.3757040264923344
766,6,2.4783638949002156,-1.0740131621886855,-0.17088849875571063,0.06797126288375599,1.3069116504071072
767,7,2.3921958809801405,-1.4613164296808396,-0.07773570868435371,0.1015854840273927,1.4863338157127326
768,8,2.6212961603231157,0.8077063431042201,-0.11227813120893396,0.1577230732800212,1.3597361573291262
769,9,2.25198518456818,-1.7689848432043571,0.03779263765830694,0.14748477073668612,1.1914975402953625
770,10,2.3723678781029482,-1.4669188291156623,-0.062097807888197,0.026999869443430177,1.4793074091660978
771,11,2.3242320821424207,-1.3693100573285706,-0.07468567425398084,0.020428195572090767,1.4590117573896986
772,12,2.35990774484465,-1.434801454120412,-0.018379399619395716,0.06414876199399001,1.4348140990266185
773,13,2.3782601116333484,-1.3894775796580692,-0.048817903752428365,0.0679323656640287,1.45203809426575
774,14,2.313033099962236,-1.4710241119345937,-0.05212199640185482,0.06705221736155857,1.4669303590018665
775,15,2.384849980037294,-1.4959475262749033,-0.04024929657839208,0.047105023060967616,1.4384413915927072
776,16,2.375647525687379,-1.5151633126547461,-0.047971171790026274,0.05851679392122261,1.4656104324681387
777,17,2.3701397586737767,-1.6020008715667038,-0.09087090081668577,0.09223897575592399,1.4556430244641574
778,18,2.4249011712310344,-1.462419967183526,-0.07572575068057147,0.07686581312993666,1.4861761121516095
779,0,2.370696443681071,1.0153765549390301,-0.033590843770587624,0.06150256124089277,1.3758033909230771
780,1,2.566088782544527,0.8476686921601708,-0.061180818893057126,-0.029071042948884615,1.3978497826995888
781,2,2.6940883969928486,0.8128079880710405,-0.04261950451914815,-0.0370990660355012,1.3798377429441697
782,3,2.584233073245076,0.8913558051048219,-0.04880544851384399,0.07101065676461399,1.4384523251658534
783,4,2.6467868654093736,1.2670258200847928,-0.02986638444404583,0.07199532649076319,1.3927125585919211
784,5,2.6071145631337425,1.296167772838172,-0.05421497214398547,0.010294296010306202,1.4768449326321187
785,6,2.2103076902216374,-1.034586329069454,0.042458610452794615,0.02749363420031497,1.3433018404111046
786,7,2.3436166818970787,-0.7586455629962955,-0.03944691553403315,0.010872637759404351,1.3461166472659394
787,8,2.370501810244213,0.8778382461661185,0.006064542854772535,0.13965624423890066,1.472060184657104
788,9,2.3453135935036005,1.7550991995481011,-0.007377225613046619,0.17780031470063457,1.2920686934253203
789,10,2.6224473975681293,0.8172273995911435,-0.05041868061906719,-0.013589063761990483,1.3986670386422035
790,11,2.555323635485034,1.0532025380805843,-0.05172199652280887,0.01219953031382541,1.4421782125612155
791,12,2.6020031833643413,1.0160426128644513,-0.05011054417992649,0.0668271709355869,1.4052792066089324
792,13,2.5615471986348504,1.1333650027103797,-0.04567461506503093,0.02738010286632487,1.4105156797301337
793,14,2.5537953399280764,0.9658448560222732,-0.040176785475582004,0.019994482326613217,1.3945754870746232
794,15,2.422103943991185,1.0227362275194083,-0.006218298964120374,0.012107765268455467,1.391335575829489
795,16,2.4571173808255518,0.7561354692837113,-0.024108973883489107,0.022988721616276776,1.4066287587007789
796,17,2.3448002188066193,0.8006787586354994,-0.0008311348276375844,0.06018423541857462,1.4060616002823971
797,18,2.4032776739309156,0.7309164763786193,-0.0006926123563646536,0.05015352951547885,1.443870233909839
798,0,2.856377232116371,-1.5554480435865103,0.03979752588487086,0.11424386630645987,1.3730271761544617
799,1,2.8915427152518904,-1.534355272948066,0.015233554665211358,0.07088961775643214,1.3340931006623498
800,2,2.9050900076770416,-1.5034549496847212,0.02566542541804708,0.09103618351574545,1.3579573168846164
801,3,2.588267217533728,-1.5472859356701678,0.06291327805792404,0.12639673198680007,1.3360739998659141
802,4,2.697618360409499,-1.4423137349483603,0.07205528792466494,0.13361303473086789,1.3271859338629097
803,5,2.499848751002535,-1.556152492312779,0.08050356509487494,0.13164775812817617,1.3589598502194502
804,6,2.674288614407658,-1.4310433181824085,0.15973736035906216,0.06431540568680168,1.4265835939687534
805,7,2.8274160591292525,-0.9798818326901713,-0.0173884675063416,0.0970849996469582,1.3086072846262944
806,8,2.8692800289535483,-1.0496069789497806,0.10794178739874946,0.16718085101269728,1.3116450370936112
807,9,2.992252305515941,-1.2755054001018096,0.03681336691367932,0.13144067181228325,1.3168080208535522
808,10,2.8652473068315545,-1.4455018945670302,0.022494631596512795,0.07852437563639872,1.3663849485300101
809,11,2.8012765404706452,-1.42964916819999,0.03929776113576336,0.09501399995022351,1.3487209148229529
810,12,2.6551531862528677,-1.3931184016878515,0.08130232377795628,0.1164535171057248,1.332273588741641
811,13,2.6739185582325438,-1.4675498476517428,0.07399344249067472,0.10819886487380503,1.3208434739181065
812,14,2.6838229946172865,-1.3716161043021757,0.04954261571719411,0.11128945451518107,1.332207158418054
813,15,2.778791378783218,-1.3106159914492488,0.0700408816849984,0.11626527262839628,1.3460653609316962
814,16,2.730345390437803,-1.4243704052015673,0.06872026773377408,0.09372044848903562,1.33353805589029
815,17,2.8195182853779586,-1.5798610239439383,0.09005414349677487,0.11286776596694567,1.3045729911218846
816,18,2.8023874314724115,-1.4422091431137825,0.07504511958064573,0.0940564716391214,1.3564845739938132
817,0,2.857093397072337,1.6618482622207709,-0.1065707096977339,-0.18593571224151328,1.363496994634037
818,1,2.913131303438079,0.7490960065785499,-0.05849271314425026,-0.08773986294557436,1.352753865697468
819,2,2.7599802156933166,0.3808489460593386,-0.04823778324885213,-0.12416573458743435,1.3405647447120805
820,3,2.8671222467811934,1.1030208908195887,-0.057490680049541804,-0.10450392288342125,1.3026363809960015
821,4,2.997529558635584,1.159048382131104,-0.07218626632505758,-0.08565202020468288,1.3199828073463498
822,5,3.0826703005335245,-0.2635042984766938,-0.09581364664688174,-0.11041653927994616,1.3283578903681492
823,6,2.6940971283222206,1.5728826817383528,-0.14291729738245432,-0.09969523085203236,1.3680586750114176
824,7,2.8031608814499753,1.443256396996677,-0.10258465382697858,-0.0935117960371385,1.3552772628777174
825,8,3.131188967362717,1.3826580854346509,-0.032560334130969856,-0.05897351840348156,1.2401540998219074
826,9,2.7245921373430875,0.572144153978589,-0.002842359201605013,-0.18084760569998426,1.1784407875111358
827,10,2.778488180371453,0.7420561915665758,-0.0656479978464984,-0.06870774138795596,1.353381333471149
828,11,2.8733907172331046,1.129190196294033,-0.06616741599291959,-0.0754651663908979,1.3414976970441634
829,12,2.945914590958774,1.1040623715371096,-0.07268347796925662,-0.10621877600174888,1.265791275582741
830,13,2.930378962421192,0.9089915640351618,-0.07408577858433887,-0.106404277487673,1.3187833776213984
831,14,2.8416551829188026,1.0566709386123534,-0.04272746082542957,-0.11372858133582196,1.3747432662009311
832,15,2.8942309320398136,1.14642531714589,-0.06555558039431605,-0.11367303752381869,1.3625713710768705
833,16,2.840145860845489,1.1674847152695964,-0.05443831123627041,-0.10653920984264709,1.384509796541651
834,17,2.7991268822939404,1.2757856278345725,-0.07026352576224837,-0.10904077477504179,1.298200941257921
835,18,2.7854876329323615,1.164627683063438,-0.05855293813520697,-0.09086731231253482,1.350960983561544
836,0,3.2480615001919064,-0.8419885190252332,0.035509351341525275,0.059690047945204175,1.7623149754392384
837,1,3.3800899794265695,-0.47493581383337685,0.037280362749650714,0.09989791632703672,1.8203459769808208
838,2,3.322812223610477,0.5720209188130142,0.04523917588158946,0.14875959832523142,1.8290076486629931
839,3,3.3571556907848366,-1.037710301679847,-0.011467395526175393,0.16149231953024362,1.7120733318995285
840,4,3.2905434472842785,-1.2162650421250192,0.005798118271930817,0.19526461797647748,1.6863753188797235
841,5,3.506010090334556,0.28983825019632725,0.04585501970440487,0.04632178167197237,1.86799542500402
842,6,3.3084352810490594,0.6859936078784491,-0.1324949455340403,0.16860138265723273,1.732915969496113
843,7,3.065091347641104,1.0391496979545158,-0.06159664831056017,0.1182375455449376,1.7233150210456643
844,8,3.179199531080437,1.4994506365798836,-0.053244453961982754,0.161408501351194,1.719432011731206
845,9,3.398868487674851,-1.0607750092608108,0.07977497138781939,0.14055452107627436,2.087939734581677
846,10,3.3082680992533917,0.46939635935851287,0.024423603415671652,0.12093715518566012,1.8397393117895566
847,11,3.1698625360356463,-0.3840824808757606,0.01566548874328709,0.11579147106265078,1.810617779733057
848,12,3.2861316098328164,-0.9793709991150588,-0.000846553248674305,0.16929071272658774,1.7392043196952194
849,13,3.235445057670792,-0.7895489842774983,0.0075889596290143625,0.14042391404160462,1.7414487449954865
850,14,3.1890587348924258,-0.5099848952533401,0.017544386753073543,0.12830965148253795,1.8015924187788643
851,15,3.230768713802498,0.3707355189519633,-0.0026080802736510866,0.12652412264493496,1.7974496747827469
852,16,3.1777563691887685,0.23009355878049137,0.01229780675961148,0.12116961738811176,1.772135299496667
853,17,3.2333395772490405,0.4955132037965046,0.03921033333169051,0.13637548735709568,1.8201324484094399
854,18,3.141172925394061,0.4523397829956631,0.03267527777640876,0.1136462394642464,1.7903737439788021
855,0,2.4303338527800182,-1.6612904188818578,-0.0007229746204616139,0.0829606667586603,1.6380865427587379
856,1,2.5078030681235637,-0.8299103153278511,0.03907895895732632,0.0545138257649836,1.6132072899997838
857,2,2.4536223881685424,-1.1481111852250887,0.05057957195060173,0.0674047624632547,1.7007416652437273
858,3,2.4708779637749774,-1.4211067086664544,0.031079863730434983,0.048392277903287054,1.6579625427055802
859,4,2.4176798481439907,-1.3472903637944833,-0.010949521879860197,0.012371564074005702,1.7312837847352767
860,5,2.5558361859711285,-1.591198603649475,-0.01642426213902221,0.04490909761379962,1.7516587851856973
861,6,2.639815323794914,-1.1663438362487049,-0.0003394811468717604,0.15158050861362315,1.6940909904228165
862,7,2.4521074749225322,-0.5720499032748035,0.014176628113542237,0.12141648194887972,1.5786473424456018
863,8,2.4989809970987142,-1.674776684310295,0.0457663470483842,0.19344491785209444,1.7052850029959812
864,9,2.217075804513958,-0.8080970716902299,0.094565981215524,0.11936259240185293,1.3962357649782622
865,10,2.4865235243554498,-1.019773953997104,0.04454476359523949,0.062476718802956306,1.6662808223558885
866,11,2.502958845472668,-1.1600167310628098,0.03539762700236573,0.025435748703462734,1.626456438560732
867,12,2.503570644617648,-1.4602206481366602,0.01234543603946014,0.03758600029386803,1.6970595594135127
868,13,2.5150326490535657,-1.1856180193295518,0.012370892029340129,0.04532462265124053,1.713251668496504
869,14,2.535231862268875,-1.0037660064561702,0.04281550512858083,0.06172965187045781,1.6641716258365034
870,15,2.6093663196098515,-1.1285481949826401,0.01377244815282974,0.06200797938972408,1.6074602220281533
871,16,2.6102947735216624,-1.0163902543235561,0.02732514864034953,0.06655228604004781,1.6397217120630543
872,17,2.572957911057425,-1.2226446078746702,0.016234803171545412,0.10126831125680319,1.6196015422577865
873,18,2.5966274784645087,-1.116116644578053,0.01352900264295451,0.08439025938066932,1.6244188664671604
874,0,2.5580975394904333,1.8510802871028942,-0.04426478596483473,0.0920708819492767,1.4878657780013091
875,1,2.5745756291349506,1.8955193568372366,-0.11147804728520061,0.11392150362058759,1.507620379382025
876,2,2.5751581421875387,1.971054950602903,-0.1325285247857768,0.06580853946829196,1.5137684844722374
877,3,2.4948172181086576,1.3740776453848762,-0.06765822268211526,0.12694070581920333,1.5150434945773925
878,4,2.407584778250066,1.2837094749137186,-0.06447624690701258,0.1332444811042464,1.598623325240184
879,5,2.7189470344823556,1.908210783036055,-0.059465966750470445,0.08087029508557159,1.4366521437355901
880,6,2.4867976825924,0.9578023943444302,-0.10975805680022935,0.09999041915005015,1.4747311812417867
881,7,2.522612311302458,1.3049624171722645,-0.09430521812806042,-0.062031964127859204,1.4671367697871114
882,8,2.3403781290938084,2.237337681426824,-0.005517817793436519,0.21081466817510242,1.214664689545194
883,9,2.7312467025025984,2.069687053249919,-0.04113782625937072,0.1415571484674713,1.580829126963514
884,10,2.559066416154379,1.8679435159394557,-0.08824728380583378,0.08598288257918395,1.4983408710028279
885,11,2.543306098986925,1.6767224095441307,-0.06864534706517085,0.06880190717273087,1.4960338619201905
886,12,2.507626056894301,1.3259855798031024,-0.049566316139733654,0.12083222984719955,1.5678641339219945
887,13,2.6099867063006412,1.3868453623534582,-0.059687359524009026,0.08219472420871128,1.5314529737053704
888,14,2.599932073042701,1.5569564809346423,-0.05991345072519109,0.07129102917202082,1.5059953232638181
889,15,2.5280358776930276,1.5110537484706388,-0.05464266350943772,0.05372328600820281,1.4892818127100929
890,16,2.5121000383971333,1.5577139536439553,-0.03606779137273126,0.07477983522396545,1.4822709837023966
891,17,2.559085817068962,1.7096602144901807,-0.03253432883457251,0.08762199887668745,1.4328756054004035
892,18,2.5849558021667742,1.5606991619705282,-0.027111940695477094,0.07301833239723954,1.4667798919017796
893,0,2.5318302597631384,0.8846068392919539,-0.3133618425672194,-0.2275763982858524,1.3333290963354805
894,1,2.506452544884807,-0.15297349870715815,-0.18218303225394786,-0.15857265575154234,1.3365051462663882
895,2,2.4858660739167897,0.20789134602392778,-0.22806031875077892,-0.19302485901816432,1.378463376370828
896,3,2.618446825428908,0.9032883855406654,-0.23906763305844606,-0.22105391100081323,1.4903939455435171
897,4,2.499013723558576,0.8811570828428121,-0.21499468117232914,-0.22200454974785946,1.4881122689113502
898,5,2.6829577801821283,0.4774722028935115,-0.2510592167213148,-0.15036445078050584,1.4812633864214315
899,6,2.351911926280708,0.4336312952353033,-0.2667299260900017,-0.20571400485483413,1.4546187632213337
900,7,2.382456261479483,-1.0939322542430598,-0.13834781939099383,-0.16202486209849434,1.5053125326732995
901,8,2.5368602123353954,-0.9935230051049867,-0.08084105137747477,-0.1618926678129658,1.4354378097449476
902,9,2.7474405638185013,1.262067075268575,-0.2163878814305423,-0.22994001014929338,1.4453908232543617
903,10,2.4595501870244987,0.38022459172313056,-0.21275831776978124,-0.20476970483972756,1.3574206185431774
904,11,2.5041934270254607,0.5741028326666292,-0.23326280677558806,-0.2106994503877532,1.401130427567694
905,12,2.575292445066936,0.7359045318861199,-0.23710329183111972,-0.21547591062998248,1.482771279546176
906,13,2.53974489703131,0.9044276558050652,-0.2060867835098719,-0.1725398068728381,1.4384369946480446
907,14,2.4713233997189916,0.7363780716144607,-0.22029731063276037,-0.1990682487519527,1.4356673177050636
908,15,2.502865081318349,0.372058617465174,-0.19365730454620375,-0.18020112928018242,1.4594473752776418
909,16,2.5026358878426427,-0.314226191247232,-0.1991011055739027,-0.1978239762543864,1.4069843428449822
910,17,2.5093595649663643,0.48361484451922154,-0.22795761945462978,-0.2328083710565542,1.3919946290669416
911,18,2.5430300572905087,0.44147812123908514,-0.18996468287885815,-0.1940069758804618,1.4318224683397505
912,0,2.6028418002463876,2.0403593052047224,0.007616615070492683,0.224011062438628,1.8585201897708727
913,1,2.6340684391384555,1.858540462718856,-0.008759602978327683,0.21880379005595546,1.814991377752517
914,2,2.677372244701801,1.9033182312982884,0.010892574898436421,0.1846223794399195,1.8455177572746337
915,3,2.6586855718017044,1.9317920369320924,0.013625628244254114,0.1473513876680801,1.851735699433703
916,4,2.622189480481898,1.738767334643316,0.012239971089792637,0.12272215166388017,1.7615415273971486
917,5,2.4494905693678795,1.3503265687075043,0.08925025541024295,0.16586042721534283,1.716404208612668
918,6,2.62568266018534,1.6696212673784208,-0.05772957380372869,0.1048351844521655,1.893420877607723
919,7,2.522678176198693,2.2685606587190694,0.04037891478406166,0.09847570952562527,1.7077860045977342
920,8,2.901190263379362,1.8508874633816943,0.03045505183031473,0.07557937781586727,1.5955954160706283
921,9,2.3847686414007816,1.962896611699278,0.12780974173597925,0.2314499784672252,1.9004722937745742
922,10,2.64468944734516,1.8955462184324614,0.01077950713217425,0.2024471316277656,1.8490096032740315
923,11,2.6306621267920955,1.9021725272134014,0.0003233206809710766,0.1806907893770951,1.7598867711050796
924,12,2.587214977668084,1.812191758071169,0.016512471775207743,0.15737875326262685,1.8198141990004264
925,13,2.6298190028667885,1.7987707220155142,0.021962997885034675,0.15759396824415556,1.734639302753857
926,14,2.6529840903331103,1.8081880945282098,0.02371408669403005,0.17108163066495827,1.7300502860326574
927,15,2.6209761157109113,1.7840307578793224,-0.014597220864675286,0.14816572708476716,1.69001242500537
928,16,2.582777119578004,1.744523862108276,0.00649486698645165,0.14892970566662045,1.7153604524545307
929,17,2.619765926819571,1.799727767437843,0.02313918547529355,0.16878695535816884,1.6811275374879828
930,18,2.6359337337809174,1.6429192100462524,0.019282654562744625,0.14065579613180737,1.6756825943846758
931,0,2.8417990831776683,1.504450319666402,-0.1251363543943181,-0.1414716200131202,1.6591151022698538
932,1,2.819189280259133,1.5611361372333912,0.009582168338579007,-0.134110559723401,1.647913327228504
933,2,2.8543036348573207,1.4622527549506732,0.03186600020029889,-0.1302681800226905,1.7170085688029664
934,3,3.1375867553627077,1.8100647908474161,-0.03511312834331651,-0.11629152322565776,1.7512818121569231
935,4,3.1103784942773074,1.7843967370428861,-0.018631186982241855,-0.11080919867537839,1.7632531528590538
936,5,2.964199266153916,1.624296733406926,-0.0724863380139,-0.20569984075794426,1.5825816890260145
937,6,3.042790721375193,1.5159047017250595,0.01553749442918467,-0.17021865475181655,1.5936045005407184
938,7,2.9747251887964836,2.0039150530428507,0.04938669994205828,-0.22151410314970704,1.6103583168559596
939,8,2.814905304339013,2.176894134919102,0.11442377357930134,-0.2212608286761229,1.6657041515058677
940,9,2.737140459410848,1.8339525508116925,0.13036771411713366,-0.051887395943069264,1.802085889854067
941,10,2.87684405876288,1.592965859154729,0.01289807358401476,-0.13082773796216576,1.6551217524551833
942,11,2.8720728071444346,1.6655047337049174,-0.01166292150107106,-0.1455367888343527,1.6314532413202023
943,12,3.088961098088213,1.786299357901337,-0.0017685765975469503,-0.13399983952918165,1.7239029721609782
944,13,2.9959523152465515,1.5199126467633268,-0.016290365514977916,-0.1497134267435335,1.6805937835015687
945,14,2.9133273922800487,1.5609744673468726,-0.014534320564113162,-0.1642578897484762,1.6323382051822386
946,15,2.8745234928319974,1.588575134728762,0.03990253612046896,-0.13144306642660814,1.6347673523838318
947,16,2.8841966925406948,1.5906022104224693,-0.00887158050492359,-0.15334103019867995,1.605911852768888
948,17,2.9109477680059177,1.821609327159687,0.0286624509634394,-0.18232394818196185,1.6726674219092044
949,18,2.8779136408412938,1.6628942491920442,0.023885375802866166,-0.1519366234849682,1.668652379584782
